model name or player,time,player hp,enemy hp,player winner,
player,54.44022,0,5,0,
player,68.62,10,0,1,
player,101.6469,4,0,1,
player,155.889,0,2,0,
player,190.3709,3,0,1,
player,223.9409,0,5,0,
player,83.66002,0,6,0,
player,97.86791,9,0,1,
player,119.2051,6,0,1,
player,147.6303,5,0,1,
player,163.7998,8,0,1,
player,204.5404,0,2,0,
player,254.2021,0,7,0,
player,267.5557,6,0,1,
player,293.0186,7,0,1,
player,316.4995,3,0,1,
My Behavior,15.66,2,0,1,
My Behavior,40.5,5,0,1,
My Behavior,69.28088,0,7,0,
My Behavior,107.8407,0,3,0,
My Behavior,132.82,3,0,1,
My Behavior,188.8,2,0,1,
My Behavior,241.5215,0,10,0,
My Behavior,258.82,4,0,1,
My Behavior,305.54,1,0,1,
My Behavior,326.7,5,0,1,
My Behavior-Navid-2,34.12167,0,6,0,
My Behavior-Navid-2,73.62,2,0,1,
My Behavior-Navid-2,103.34,4,0,1,
My Behavior-Navid-2,154.4633,0,7,0,
My Behavior-Navid-2,189.6,2,0,1,
My Behavior-Navid-2,222.36,3,0,1,
My Behavior-Navid-2,239.12,6,0,1,
My Behavior-Navid-2,274.7611,0,7,0,
My Behavior-Navid-2,328.66,3,0,1,
My Behavior-Navid-2,373.84,1,0,1,
player,58.86666,7,0,1,
player,102.2667,7,0,1,
player,135.8867,6,0,1,
player,169.2067,3,0,1,
player,196.7467,7,0,1,
player,416.6667,0,4,0,
player,512.0001,0,3,0,
player,562.8667,6,0,1,
player,648.9467,5,0,1,
player,823.0001,0,8,0,
player,848.0467,5,0,1,
My Behavior,50.86774,0,3,0,
My Behavior,87.38,3,0,1,
My Behavior,118.0011,0,2,0,
My Behavior,157.5404,0,6,0,
My Behavior,48.50667,6,0,1,
My Behavior,137.6667,0,3,0,
My Behavior,215.5867,6,0,1,
player,10.96,4,0,1,
player,31.12,2,0,1,
player,61.26091,0,3,0,
player,17.37819,4,0,1,
player,40.35339,5,0,1,
player,60.29306,4,0,1,
player,92.12119,0,2,0,
player,91.80666,6,0,1,
player,340.3333,0,8,0,
player,387.6067,4,0,1,
player,430.4666,5,0,1,
player,480.4266,7,0,1,
player,629.0467,1,0,1,
player,701.6667,0,2,0,
player,753.6667,0,9,0,
player,808.7667,4,0,1,
player,883.1067,4,0,1,
player,912.7067,9,0,1,
player,931.4067,8,0,1,
player,1009.607,4,0,1,
player,1048.547,6,0,1,
player,1064.867,6,0,1,
player,1103.127,7,0,1,
player,1118.047,10,0,1,
player,1177.487,6,0,1,
player,1222.667,6,0,1,
player,1287.007,7,0,1,
New-Model-1,14.38,8,0,1,
New-Model-1,58.6212,0,2,0,
New-Model-1,123.44,2,0,1,
New-Model-1,151.48,4,0,1,
New-Model-1,202.66,2,0,1,
New-Model-1,244.44,2,0,1,
New-Model-1,276.0006,0,4,0,
New-Model-1,288.86,9,0,1,
New-Model-1,326.04,3,0,1,
New-Model-1,358.44,6,0,1,
player,23.28273,0,10,0,
player,49.46313,0,10,0,
player,84,0,2,0,
player,145,0,10,0,
player,224.3333,0,10,0,
player,358.6667,0,6,0,
player,460.6466,5,0,1,
player,533.2467,7,0,1,
player,571.8867,7,0,1,
player,620.9867,9,0,1,
player,659.6667,7,0,1,
player,690.3467,8,0,1,
player,743.9267,8,0,1,
player,840.6667,0,2,0,
player,878.7667,5,0,1,
player,945.1866,4,0,1,
player,960.5267,9,0,1,
player,1008.647,7,0,1,
player,1060.267,9,0,1,
player,1098.787,8,0,1,
player,1151.387,6,0,1,
player,1203.527,5,0,1,
New-Model-2,40.44261,0,6,0,
New-Model-2,85.92036,0,5,0,
New-Model-1,143.0836,0,9,0,
New-Model-2,96.4,1,0,1,
New-Model-2,120.4,2,0,1,
New-Model-2,152.2622,0,1,0,
New-Model-2,155.44,0,0,0,
New-Model-2,219.0219,0,3,0,
New-Model-2,223.28,0,0,0,
New-Model-2,282.0017,0,7,0,
New-Model-2,312.66,3,0,1,
New-Model-2,349.9534,0,4,0,
New-Model-2,380.4413,0,4,0,
New-Model-2,443.763,0,3,0,
New-Model-1,63.1018,0,4,0,
New-Model-1,97.4418,0,3,0,
New-Model-1,121.6,7,0,1,
New-Model-1,155.3613,0,6,0,
New-Model-1,197.3814,0,3,0,
New-Model-1,247.282,0,2,0,
New-Model-1,272.7018,0,5,0,
New-Model-2,23.02,3,0,1,
player,16.02666,7,0,1,
player,90.08666,3,0,1,
player,362.2066,2,0,1,
player,466.0866,7,0,1,
player,542.0001,0,8,0,
player,724.4067,3,0,1,
player,776.1667,7,0,1,
player,80.66666,0,5,0,
player,264,0,9,0,
player,502.6667,0,10,0,
player,600.3334,0,9,0,
player,727.0001,0,10,0,
player,919.6667,0,10,0,
player,1177.333,0,10,0,
player,1309.667,0,10,0,
player,1415.333,0,10,0,
player,1574.667,0,10,0,
player,1695,0,10,0,
player,1822,0,10,0,
player,1872,0,10,0,
player,2024,0,9,0,
player,2178.333,0,10,0,
player,2275.667,0,10,0,
player,2422,0,10,0,
player,2470.333,0,10,0,
player,2543.667,0,10,0,
player,2645.667,0,10,0,
player,32.06667,5,0,1,
player,164.6667,0,5,0,
player,251,0,7,0,
player,434,0,5,0,
player,519.6667,0,7,0,
player,704.6667,0,9,0,
player,865.3334,0,10,0,
player,1333.333,0,10,0,
player,1506.667,0,9,0,
player,1833.667,0,10,0,
player,2005.667,0,10,0,
player,2135.333,0,9,0,
player,2257.333,0,9,0,
player,2345,0,10,0,
player,2422.333,0,10,0,
player,2679.333,0,10,0,
player,2972.667,0,6,0,
player,3080.667,0,9,0,
player,81.33334,0,2,0,
player,164,0,3,0,
player,253.2667,5,0,1,
player,361.3333,0,4,0,
player,587.3334,0,5,0,
player,757.6667,0,10,0,
player,844.0001,0,10,0,
player,967.6667,0,10,0,
player,1057.667,0,2,0,
player,1205,0,10,0,
player,1356.333,0,10,0,
player,1455,0,10,0,
player,1558,0,8,0,
player,1639,0,10,0,
player,1763.667,0,10,0,
player,1906.333,0,10,0,
player,291,0,2,0,
player,429.3333,0,9,0,
player,552.6667,0,9,0,
player,697.3334,0,10,0,
player,930.0001,0,7,0,
player,1017.667,0,7,0,
player,1115,0,6,0,
player,1194.333,0,6,0,
player,1329.333,0,2,0,
player,1581.333,0,1,0,
player,1651.667,0,10,0,
player,1737.667,0,5,0,
player,27.84667,2,0,1,
player,58.30667,6,0,1,
player,144.6667,0,6,0,
player,513.0001,0,3,0,
player,73.33334,0,8,0,
player,295.3333,0,6,0,
player,25.9604,0,3,0,
player,62.1,3,0,1,
player,154.7226,0,10,0,
player,174.2662,3,0,1,
player,199.021,0,1,0,
player,217.1328,3,0,1,
player,264.6005,0,4,0,
player,291.9605,0,2,0,
player,314.86,1,0,1,
player,349.0074,0,5,0,
player,314.7667,1,0,1,
player,568.6667,0,2,0,
player,633.3334,0,9,0,
player,781.3334,0,7,0,
player,869.6667,0,10,0,
player,1076,0,10,0,
player,1580.333,0,8,0,
player,1740,0,9,0,
player,69.34666,1,0,1,
player,165.3333,0,7,0,
player,324.3333,0,9,0,
player,450.6667,0,8,0,
player,560.6667,0,9,0,
player,748.3334,0,8,0,
123,36.06069,0,10,0,
player,32.84667,9,0,1,
player,219,0,3,0,
player,328.8267,1,0,1,
player,383,0,6,0,
player,21.52666,8,0,1,
player,118.6667,0,9,0,
player,209.6667,0,8,0,
player,87.33334,0,2,0,
player,31.48667,7,0,1,
player,224.3333,0,6,0,
player,84.26666,10,0,1,
player,136.2067,8,0,1,
player,319.3333,0,9,0,
player,447.6667,0,10,0,
player,41.18667,3,0,1,
player,41.32724,3,0,1,
player,73.82093,0,2,0,
player,92.38,4,0,1,
player,117.26,5,0,1,
player,145.7158,1,0,1,
player,176.44,3,0,1,
player,103.5067,3,0,1,
player,263.6667,0,4,0,
player,370.5667,3,0,1,
player,460.9467,1,0,1,
player,588.0001,0,1,0,
player,674.0001,0,10,0,
player,840.3467,7,0,1,
player,849.0267,10,0,1,
player,924.4267,3,0,1,
player,1087.667,3,0,1,
player,1120.127,10,0,1,
player,1140.987,8,0,1,
player,1210.347,2,0,1,
player,1298,0,8,0,
player,1350.687,5,0,1,
player,1406.867,6,0,1,
player,1542.147,7,0,1,
player,1722.667,0,8,0,
player,1763.647,8,0,1,
player,1808.827,7,0,1,
player,1913,0,4,0,
player,1949.987,6,0,1,
player,1992.747,6,0,1,
player,2232,0,5,0,
player,2269.207,8,0,1,
player,2307.067,5,0,1,
player,2381,0,10,0,
player,2792.447,5,0,1,
player,2848.687,5,0,1,
player,2915.887,6,0,1,
player,2980.667,0,2,0,
player,3026.787,7,0,1,
player,3094.667,4,0,1,
player,3157,0,2,0,
player,3213.287,3,0,1,
player,3230.487,8,0,1,
player,3290.307,9,0,1,
player,3407.587,9,0,1,
player,3440.807,8,0,1,
player,3543.333,0,1,0,
player,3554.447,10,0,1,
player,3668.907,2,0,1,
player,3701.167,7,0,1,
player,3796.687,6,0,1,
player,3832.967,7,0,1,
player,3874.647,7,0,1,
player,3903.547,7,0,1,
player,3972.447,6,0,1,
player,4058,0,3,0,
player,4155.006,3,0,1,
50turn,24.86,8,0,1,
50turn,41.14,8,0,1,
50turn,72.38049,0,5,0,
50turn,81.1,9,0,1,
50turn,97.78,7,0,1,
50turn,119.54,5,0,1,
50turn,136.7,6,0,1,
50turn,151.14,5,0,1,
50turn,161.48,10,0,1,
50turn,201.1421,0,1,0,
50turn,226.34,8,0,1,
player,5.112335,9,0,1,
player,17,8,0,1,
player,32.3998,8,0,1,
player,54.91886,10,0,1,
player,73.56,9,0,1,
player,93.88876,8,0,1,
player,111.0167,8,0,1,
player,125.4477,10,0,1,
player,140.1685,10,0,1,
player,157.5173,8,0,1,
new_50,13.18,7,0,1,
new_50,22.62,2,0,1,
new_50,30.32,1,0,1,
new_50,14.02,7,0,1,
new_50,34.22151,0,5,0,
new_50,18.23848,4,0,1,
new_50,21.02,5,0,1,
new_50,15.02,6,0,1,
new_50,24.59999,1,0,1,
new_50,17.70001,4,0,1,
new_50,12.3,6,0,1,
new_50,22.12,3,0,1,
new_50,20.3,4,0,1,
new_50,33.28,2,0,1,
new_50,21.7,7,0,1,
new_50,27.74149,0,4,0,
new_50,30.49876,0,1,0,
new_50,34.39975,4,0,1,
new_50,19.06,5,0,1,
new_50,17.06,6,0,1,
new_50,16.4,5,0,1,
new_50,31.60174,0,1,0,
new_50,23.71826,5,0,1,
new_50,37.36147,0,2,0,
new_50,19.93853,7,0,1,
new_50,39.59999,2,0,1,
new_50,29.96001,2,0,1,
new_50,20.14,4,0,1,
new_50,40.22324,0,3,0,
new_50,3.516754,0,0,0,
new_50,28,1,0,1,
new_50,55.26007,0,10,0,
new_50,38.20026,0,7,0,
new_50,14.57968,9,0,1,
new_50,20.97998,1,0,1,
new_50,25.5,3,0,1,
new_50,31.14117,0,5,0,
new_50,4.878845,0,0,0,
new_50,38.24133,0,2,0,
new_50,3.458679,0,0,0,
new_50,15.31995,7,0,1,
new_50,15.60004,3,0,1,
new_50,27.80127,0,7,0,
new_50,27.45978,0,6,0,
new_50,27.37897,2,0,1,
new_50,18.51996,6,0,1,
new_50,35.06036,0,2,0,
new_50,40.22119,0,4,0,
new_50,29.09845,3,0,1,
new_50,23.85999,4,0,1,
new_50,42.06061,0,8,0,
new_50,17.05939,7,0,1,
new_50,39.6203,0,5,0,
new_50,25.09973,3,0,1,
new_50,22.44,5,0,1,
new_50,25.61084,0,7,0,
new_50,34.50916,2,0,1,
new_50,25.40002,4,0,1,
new_50,36.65997,4,0,1,
new_50,33.88123,0,1,0,
new_50,38.77881,5,0,1,
new_50,25.71997,5,0,1,
new_50,25.09998,6,0,1,
new_50,56.74121,0,5,0,
new_50,29.0188,1,0,1,
new_50,31.71997,1,0,1,
new_50,20.73999,5,0,1,
new_50,12.08008,6,0,1,
new_50,21.93994,5,0,1,
new_50,54.42065,0,9,0,
new_50,46.78088,0,7,0,
new_50,40.81848,2,0,1,
new_50,30.80981,0,2,0,
new_50,0.8702393,0,0,0,
new_50,31.14124,0,1,0,
new_50,16.97876,6,0,1,
new_50,30.00061,0,2,0,
new_50,3.099365,0,0,0,
new_50,22.03992,2,0,1,
new_50,46.34009,1,0,1,
new_50,42.15991,1,0,1,
new_50,32.94043,0,4,0,
new_50,23.07959,5,0,1,
new_50,19.44006,2,0,1,
new_50,34.26001,3,0,1,
new_50,30.73999,2,0,1,
new_50,27.76001,5,0,1,
new_50,34.16101,0,2,0,
new_50,32.75891,3,0,1,
new_50,55.40002,2,0,1,
new_50,31.84009,0,2,0,
new_50,37.41992,3,0,1,
new_50,18.45996,3,0,1,
new_50,13.32007,7,0,1,
new_50,42.26099,0,2,0,
new_50,18.09888,1,0,1,
new_50,27.73999,7,0,1,
new_50,41.5603,0,10,0,
new_50,140.5413,0,7,0,
new_50,22.69849,5,0,1,
new_50,29.16113,0,3,0,
new_50,91.19897,0,10,0,
new_50,25.80005,1,0,1,
new_50,131.98,0,9,0,
new_50,27.23999,5,0,1,
new_50,23.85986,6,0,1,
new_50,24.71997,4,0,1,
new_50,40.52002,1,0,1,
new_50,29.73999,2,0,1,
new_50,36.86011,0,3,0,
new_50,22.11987,8,0,1,
new_50,19.42017,4,0,1,
new_50,27.63989,3,0,1,
new_50,41.96582,0,3,0,
new_50,1.894287,0,0,0,
new_50,32.30005,0,6,0,
new_50,45.59985,2,0,1,
new_50,21.38013,4,0,1,
new_50,24.15991,4,0,1,
new_50,27.41992,4,0,1,
new_50,43.66187,0,10,0,
new_50,31.13818,1,0,1,
new_50,22.12012,2,0,1,
new_50,24.4812,0,1,0,
new_50,31.95874,3,0,1,
new_50,10,8,0,1,
new_50,34.91992,4,0,1,
new_50,19.08008,4,0,1,
new_50,30.5415,0,3,0,
new_50,23.73853,6,0,1,
new_50,37.33984,1,0,1,
new_50,28.66016,1,0,1,
new_50,11.05981,7,0,1,
new_50,64.70093,0,9,0,
new_50,26.01929,3,0,1,
new_50,44.00146,0,1,0,
new_50,40.55933,0,4,0,
new_50,28.93921,5,0,1,
new_50,47.74097,0,3,0,
new_50,35.29883,1,0,1,
new_50,23.32129,0,2,0,
new_50,32.08203,0,1,0,
new_50,0.376709,0,0,0,
new_50,39.6001,3,0,1,
new_50,17.59985,3,0,1,
new_50,35.00195,0,7,0,
new_50,27.83813,1,0,1,
new_50,25.80103,0,4,0,
new_50,28.71899,4,0,1,
new_50,47.66064,0,2,0,
new_50,22.021,0,9,0,
new_50,45.59863,0,10,0,
new_50,30.62158,0,8,0,
new_50,22.51807,3,0,1,
new_50,54.34229,0,1,0,
new_50,0.3579102,0,0,0,
new_50,52.88037,0,9,0,
new_50,30.05957,3,0,1,
new_50,25.14014,3,0,1,
new_50,31.98047,0,3,0,
new_50,35.8208,0,7,0,
new_50,16.81836,4,0,1,
new_50,42.9209,0,2,0,
new_50,33.80078,0,1,0,
new_50,0.03857422,0,0,0,
new_50,22.67969,2,0,1,
new_50,45.60107,0,4,0,
new_50,3.15918,0,0,0,
new_50,35.16016,0,2,0,
new_50,37.4209,0,3,0,
new_50,20.13867,3,0,1,
new_50,21.86035,4,0,1,
new_50,40.48096,0,4,0,
new_50,3.858887,0,0,0,
new_50,27.06104,0,3,0,
new_50,38.31982,0,2,0,
new_50,40.35938,1,0,1,
new_50,43.66113,0,1,0,
new_50,15.55859,6,0,1,
new_50,66.86084,0,9,0,
new_50,38.54053,0,1,0,
new_50,0.4785156,0,0,0,
new_50,28.1001,0,8,0,
new_50,49.56152,0,2,0,
new_50,42.87842,1,0,1,
new_50,34.58008,2,0,1,
new_50,26.35986,5,0,1,
new_50,34.88037,0,6,0,
new_50,44.22021,0,6,0,
new_50,39.25977,2,0,1,
new_50,51.38037,0,7,0,
new_50,15.97949,5,0,1,
new_50,29.14014,2,0,1,
new_50,48.60107,0,10,0,
new_50,38.15869,3,0,1,
new_50,24.74023,7,0,1,
new_50,33.63965,3,0,1,
new_50,31.7002,3,0,1,
new_50,24.33984,7,0,1,
new_50,31.68066,0,2,0,
new_50,28.95947,3,0,1,
new_50,33.62061,0,4,0,
new_50,28.41992,0,3,0,
new_50,2.439453,0,0,0,
new_50,33.52002,2,0,1,
new_50,18.27979,6,0,1,
new_50,36.84033,4,0,1,
new_50,50.08105,0,10,0,
new_50,58.04004,0,10,0,
new_50,21.23877,3,0,1,
new_50,23.27979,1,0,1,
new_50,38.36035,2,0,1,
new_50,29.36182,0,3,0,
new_50,23.39795,5,0,1,
new_50,41.68164,0,4,0,
new_50,22.4585,4,0,1,
new_50,34.56543,0,1,0,
new_50,0.534668,0,0,0,
new_50,25.81982,5,0,1,
new_50,27.02002,3,0,1,
new_50,31.74023,3,0,1,
new_50,27.04004,2,0,1,
new_50,28.27979,4,0,1,
new_50,30.58008,4,0,1,
new_50,25.80176,0,2,0,
new_50,36.69824,1,0,1,
new_50,42.66162,0,9,0,
new_50,54.11914,0,2,0,
new_50,41.60352,0,1,0,
new_50,0.3154297,0,0,0,
new_50,28.78125,0,3,0,
new_50,2.958984,0,0,0,
new_50,47.19971,4,0,1,
new_50,21.56006,5,0,1,
new_50,81.88037,0,3,0,
new_50,28.69971,5,0,1,
new_50,26.58008,3,0,1,
new_50,68.26025,0,7,0,
new_50,17.71973,6,0,1,
new_50,27.37988,3,0,1,
new_50,26.36035,0,1,0,
new_50,15.75977,3,0,1,
new_50,27.62012,5,0,1,
new_50,33.78125,0,2,0,
new_50,16.43848,6,0,1,
new_50,19.88037,4,0,1,
new_50,33.91992,3,0,1,
new_50,36.60107,0,5,0,
new_50,29.50244,0,2,0,
new_50,1.756348,0,0,0,
new_50,27.31982,5,0,1,
new_50,42.76123,0,1,0,
new_50,0.3989258,0,0,0,
new_50,12.08008,8,0,1,
new_50,38.16113,0,7,0,
new_50,25.39893,6,0,1,
new_50,40.3999,1,0,1,
new_50,27.52197,0,1,0,
new_50,31.49854,0,2,0,
new_50,1.459473,0,0,0,
new_50,21.28027,6,0,1,
new_50,27.05957,7,0,1,
new_50,16.14014,7,0,1,
new_50,31.86084,0,3,0,
new_50,29.05908,6,0,1,
new_50,28.22021,1,0,1,
new_50,24.47998,4,0,1,
new_50,23.91992,4,0,1,
new_50,34.6001,1,0,1,
new_50,35.72217,0,3,0,
new_50,31.21777,0,3,0,
new_50,34.23975,2,0,1,
new_50,27.42041,1,0,1,
new_50,28.67969,3,0,1,
new_50,37.06006,3,0,1,
new_50,38.36133,0,2,0,
new_50,2.378906,0,0,0,
new_50,27.70068,0,3,0,
new_50,36.73926,1,0,1,
new_50,100.5,0,5,0,
new_50,20.33984,5,0,1,
new_50,64.48096,0,4,0,
new_50,64.51904,2,0,1,
new_50,61.54346,0,10,0,
new_50,37.25684,3,0,1,
new_50,41.95996,0,6,0,
new_50,39.94043,0,4,0,
new_50,29.67969,0,1,0,
new_50,30.06055,0,4,0,
new_50,1.539063,0,0,0,
new_50,25.41992,3,0,1,
new_50,37.25977,4,0,1,
new_50,27.74023,2,0,1,
new_50,31.3418,0,9,0,
new_50,14.09863,5,0,1,
new_50,35,0,2,0,
new_50,1.319336,0,0,0,
new_50,22.06055,6,0,1,
new_50,7.160156,9,0,1,
new_50,30.74023,0,4,0,
new_50,20.55957,5,0,1,
new_50,45.21973,0,1,0,
new_50,12.91992,6,0,1,
new_50,66.44043,0,6,0,
new_50,30,1,0,1,
new_50,34.52148,0,4,0,
new_50,3.618164,0,0,0,
new_50,32.7998,1,0,1,
new_50,17.82031,6,0,1,
new_50,40.52148,0,1,0,
new_50,65.93848,1,0,1,
new_50,41.00098,0,4,0,
new_50,38.7207,0,5,0,
new_50,24.5791,0,6,0,
new_50,15.91895,9,0,1,
new_50,20.98047,6,0,1,
new_50,28.80078,0,5,0,
new_50,3.539063,0,0,0,
new_50,52.36133,0,1,0,
new_50,30.39844,3,0,1,
new_50,49.26172,0,1,0,
new_50,36.25879,2,0,1,
new_50,14.75977,8,0,1,
new_50,75.68066,0,6,0,
new_50,32.5791,2,0,1,
new_50,45.22168,0,6,0,
new_50,38.90039,0,1,0,
new_50,1.938477,0,0,0,
new_50,29.08105,0,1,0,
new_50,35.13965,0,3,0,
new_50,3.119141,0,0,0,
new_50,34.18164,0,1,0,
new_50,32.55859,3,0,1,
new_50,22.45996,2,0,1,
new_50,31.30078,0,3,0,
new_50,1.878906,0,0,0,
new_50,16.7998,3,0,1,
new_50,24.09961,5,0,1,
new_50,33.90039,0,3,0,
new_50,12.63965,8,0,1,
new_50,22.78027,5,0,1,
new_50,32.02148,0,3,0,
new_50,32.25879,2,0,1,
new_50,37.7002,2,0,1,
new_50,12.75977,5,0,1,
new_50,22.21973,4,0,1,
new_50,27.7998,4,0,1,
new_50,29.91992,1,0,1,
512 3 layer navid 50,78.92165,0,6,0,
512 3 layer navid 50,16.61835,4,0,1,
512 3 layer navid 50,16.5,7,0,1,
512 3 layer navid 50,42.45873,0,9,0,
512 3 layer navid 50,15.24126,7,0,1,
512 3 layer navid 50,34.90045,0,1,0,
512 3 layer navid 50,71.09955,0,1,0,
512 3 layer navid 50,91.92136,0,2,0,
512 3 layer navid 50,9.838654,8,0,1,
512 3 layer navid 50,44.22229,0,1,0,
512 3 layer navid 50 gail 08,70.93999,6,0,1,
512 3 layer navid 50 gail 08,59.90073,0,9,0,
512 3 layer navid 50 gail 08,50.80048,0,10,0,
512 3 layer navid 50 gail 08,29.5997,0,4,0,
512 3 layer navid 50 gail 08,37.73929,0,2,0,
512 3 layer navid 50 gail 08,39.78116,0,7,0,
512 3 layer navid 50 gail 08,46.9805,0,8,0,
512 3 layer navid 50 gail 08,40.83838,0,8,0,
512 3 layer navid 50 gail 08,16.15976,6,0,1,
512 3 layer navid 50 gail 08,59.51999,1,0,1,
512 3 layer navid 50 gail 08,28.40002,4,0,1,
512 3 layer navid 50 gail 08,26,3,0,1,
512 3 layer navid 50 gail 08,51.23996,4,0,1,
512 3 layer navid 50 gail 08,30.54004,2,0,1,
512 3 layer navid 50 gail 08,11.47998,7,0,1,
512 3 layer navid 50 gail 08,39.75073,0,1,0,
512 3 layer navid 50 gail 08,0.8492432,0,0,0,
512 3 layer navid 50 gail 08,32.74188,0,5,0,
512 3 layer navid 50 gail 08,38.79816,7,0,1,
512 3 layer navid 50 gail 08,47.16028,0,9,0,
512 3 layer navid 50 gail 08,97.36029,0,10,0,
512 3 layer navid 50 gail 08,13.03943,6,0,1,
512 3 layer navid 50 gail 08,40.76001,1,0,1,
512 3 layer navid 50 gail 08,25.07996,5,0,1,
512 3 layer navid 50 gail 08,58.98004,1,0,1,
512 3 layer navid 50 gail 08,18.85999,5,0,1,
stronger gail,25.94,4,0,0.5,
stronger gail,14.88,8,0,0.5,
stronger gail,31.78,5,0,0.5,
stronger gail,36.10034,0,7,0.5,
stronger gail,33.27966,1,0,0.5,
stronger gail,28.58,2,0,0.5,
stronger gail,26.38,3,0,0.5,
stronger gail,28.42,7,0,0.5,
stronger gail,29.60684,0,2,0.5,
stronger gail,23.77315,4,0,0.5,
50turn,57.882,0,2,0,
50turn,28.03965,0,3,0,
50turn,16.91835,7,0,1,
50turn,15.06,6,0,1,
50turn,10.08,8,0,1,
50turn,47.2,3,0,1,
50turn,66.68019,0,10,0,
50turn,26.4398,3,0,1,
50turn,25.02002,5,0,1,
50turn,44.94046,0,1,0,
50turn,35.83954,2,0,1,
50turn,11.57999,7,0,1,
50turn,11.32001,10,0,1,
50turn,10.28,9,0,1,
50turn,13.5,6,0,1,
50turn,19.91998,5,0,1,
50turn,35,5,0,1,
50turn,57.62167,0,2,0,
50turn,28.63971,0,4,0,
50turn,61.17938,0,6,0,
50turn,13.11926,8,0,1,
50turn,38.64008,0,4,0,
50turn,36.31989,1,0,1,
50turn,21.28003,7,0,1,
50turn,34.36078,0,1,0,
50turn,41.4798,0,9,0,
50turn,37.1394,3,0,1,
50turn,28.79999,7,0,1,
50turn,24.73999,4,0,1,
50turn,79.10229,0,2,0,
50turn,12.23773,8,0,1,
50turn,23.53998,4,0,1,
50turn,50.18182,0,4,0,
50turn,13.87817,7,0,1,
50turn,33.58032,0,4,0,
50turn,13.73975,7,0,1,
50turn,21.05994,8,0,1,
50turn,19.78003,7,0,1,
50turn,60.76001,5,0,1,
50turn,42.54102,0,8,0,
50turn,13.1189,9,0,1,
50turn,49.96069,0,8,0,
50turn,23.17932,5,0,1,
50turn,21.73999,8,0,1,
50turn,25.80005,7,0,1,
50turn,15.09998,7,0,1,
50turn,11.85999,8,0,1,
50turn,11.26001,8,0,1,
50turn,14.83997,8,0,1,
50turn,27.46008,7,0,1,
50turn,44.58093,0,9,0,
50turn,36.72229,0,10,0,
50turn,12.23669,5,0,1,
50turn,38.12061,0,9,0,
50turn,20.93945,5,0,1,
50turn,24.35999,4,0,1,
50turn,16.52002,7,0,1,
50turn,56.18042,0,2,0,
50turn,18.01953,7,0,1,
50turn,11.46008,8,0,1,
50turn,9.5,7,0,1,
50turn,63.96191,0,1,0,
50turn,50.55798,1,0,1,
50turn,26.28003,8,0,1,
50turn,14.76001,7,0,1,
50turn,16.30005,8,0,1,
50turn,15.23999,9,0,1,
50turn,9.02002,8,0,1,
50turn,7.659912,8,0,1,
50turn,15.64001,6,0,1,
50turn,7.140015,8,0,1,
50turn,25.52002,5,0,1,
50turn,9.059937,9,0,1,
50turn,23.90002,8,0,1,
50turn,44.12158,0,5,0,
50turn,8.55835,8,0,1,
50turn,8.23999,9,0,1,
50turn,68.00195,0,2,0,
50turn,21.21826,6,0,1,
50turn,52.84009,0,10,0,
50turn,17.23975,7,0,1,
50turn,21.68018,7,0,1,
50turn,29.53979,4,0,1,
50turn,60.18018,0,6,0,
50turn,39.90112,0,1,0,
50turn,54.40015,0,2,0,
50turn,84.43945,0,1,0,
50turn,88.38379,0,2,0,
50turn,77.11621,0,1,0,
50turn,10.93921,8,0,1,
50turn,49.26147,0,1,0,
50turn,33.81934,0,5,0,
50turn,15.87915,5,0,1,
50turn,39.52002,0,4,0,
50turn,65.0835,0,1,0,
50turn,25.81641,2,0,1,
50turn,32.82007,5,0,1,
50turn,52.4021,0,3,0,
50turn,49.8186,0,4,0,
50turn,66.64063,0,1,0,
50turn,37.01929,0,6,0,
50turn,22.21948,8,0,1,
50turn,58.48071,0,1,0,
50turn,16.83911,7,0,1,
50turn,20.06006,7,0,1,
50turn,64.64087,0,8,0,
50turn,54.54053,0,1,0,
50turn,64.45874,1,0,1,
50turn,35.14111,0,6,0,
50turn,34.63867,3,0,1,
50turn,95.5415,0,8,0,
50turn,19.53857,6,0,1,
50turn,31.69995,5,0,1,
50turn,34.92065,0,1,0,
50turn,52.85938,2,0,1,
50turn,22.06006,6,0,1,
50turn,52.62183,0,1,0,
50turn,10.7981,10,0,1,
stronger gail,52.2,3,0,1,
stronger gail,53.96,3,0,1,
stronger gail,49.68162,0,9,0,
stronger gail,31.41838,4,0,1,
stronger gail,39.47729,0,1,0,
stronger gail,145.4545,0,3,0,
stronger gail,51.70999,0,1,0,
stronger gail,36.41821,4,0,1,
stronger gail,98.20145,0,10,0,
stronger gail,75.10028,0,7,0,
stronger gail,40.69165,0,5,0,
stronger gail,65.21252,0,3,0,
stronger gail,32.71539,0,4,0,
stronger gail,46.99872,2,0,1,
stronger gail,22.03998,3,0,1,
stronger gail,38.28003,5,0,1,
stronger gail,27.17999,6,0,1,
stronger gail,38.09045,0,7,0,
stronger gail,32.71039,0,5,0,
stronger gail,40.31915,1,0,1,
stronger gail,28.76001,3,0,1,
stronger gail,27.64697,0,5,0,
stronger gail,28.59302,5,0,1,
stronger gail,44.30005,3,0,1,
player,7.587287,10,0,1,
player,11.63263,10,0,1,
player,11.80777,8,0,1,
player,17.81231,6,0,1,
player,23.54335,0,7,0,
player,11.35615,10,0,1,
player,13.17648,10,0,1,
player,12.51351,10,0,1,
player,14.74302,9,0,1,
player,19.86368,9,0,1,
player,5.594121,10,0,1,navid9
player,14.40588,8,0,1,
player,15.90917,9,0,1,
player,13.0904,9,0,1,
player,17.41342,9,0,1,
player,18.06345,6,0,1,
player,21.64431,0,3,0,
player,12.8429,7,0,1,
player,14.97635,8,0,1,
player,12.7052,10,0,1,
player,19.83963,3,0,1,navid 5
player,27.0406,0,7,0,
player,22.92692,6,0,1,
player,23.09286,0,6,0,
player,17.13165,8,0,1,
player,24.22958,0,6,0,
player,18.55521,4,0,1,
player,28.90422,0,4,0,
player,21.59,5,0,1,
player,16.11295,0,6,0,
player,17.81992,2,0,1,navid 2
player,37.406,0,9,0,
player,55.23473,0,1,0,
player,35.45985,0,7,0,
player,18.04193,0,8,0,
player,20.07782,0,7,0,
player,23.56056,0,4,0,
player,21.94017,0,8,0,
player,22.32098,0,4,0,
player,27.36659,4,0,1,
navid2time1,33.36122,0,2,0,
navid2time1,22.91878,3,0,1,
navid2time1,35.44,2,0,1,
navid2time1,38.87999,2,0,1,
navid2time1,32.88336,0,2,0,
navid2time1,0.3566437,0,0,0,
navid2time1,27.04117,0,9,0,
navid2time1,33.93883,2,0,1,
navid2time1,21.58,7,0,1,
navid2time1,36.35999,5,0,1,
navid5time1,53.32262,0,6,0,
navid5time1,37.15851,0,7,0,
navid5time1,31.35887,5,0,1,
navid5time1,37.28961,0,1,0,
navid5time1,3.390381,0,0,0,
navid5time1,35.42001,0,4,0,
navid5time1,60.22357,0,1,0,
navid5time1,34.71643,7,0,1,
navid5time1,40.90076,0,6,0,
navid5time1,25.9407,0,3,0,
navid9time1,17.04,6,0,1,
navid9time1,17.76,2,0,1,
navid9time1,22.04,8,0,1,
navid9time1,29.72047,0,2,0,
navid9time1,36.25953,4,0,1,
navid9time1,28.6,3,0,1,
navid9time1,36.3,3,0,1,
navid9time1,22.95999,5,0,1,
navid9time1,17.74001,6,0,1,
navid9time1,27.03999,3,0,1,end of 10 scenarios
navid9time1,30.76,4,0,1,
navid9time1,29.88,1,0,1,
navid9time1,36.1,2,0,1,
navid9time1,34.06001,3,0,1,
navid9time1,33.74826,0,2,0,
navid9time1,28.93173,5,0,1,
navid9time1,38.84,5,0,1,
navid9time1,39.18001,4,0,1,
navid9time1,36.28268,0,1,0,
navid9time1,13.81732,8,0,1,
navid9time1,27.54,2,0,1,
navid9time1,21.74,6,0,1,
navid9time1,24,2,0,1,
navid9time1,36.64034,0,9,0,
navid9time1,48.34092,0,1,0,
navid9time1,29.02,6,0,1,
navid9time1,31.40074,0,2,0,
navid9time1,36.18,2,0,1,
navid9time1,44.28067,0,4,0,
navid9time1,46.74059,0,1,0,
navid9time1,39.99999,5,0,1,
navid9time1,15.84001,5,0,1,
navid9time1,52.00064,0,1,0,
navid9time1,28.47935,1,0,1,
navid9time1,40.32157,0,4,0,
navid9time1,32.53843,6,0,1,
navid9time1,30.70183,0,3,0,
navid9time1,32.09817,2,0,1,
navid9time1,24.22,3,0,1,
navid9time1,22.26,1,0,1,
navid9time1,36.68,1,0,1,
navid9time1,52.60007,0,5,0,
navid9time1,32.80127,0,2,0,
navid9time1,23.93866,4,0,1,
navid9time1,42.98,2,0,1,
navid9time1,46.27998,1,0,1,
navid9time1,23.38,5,0,1,
navid9time1,41.28177,0,4,0,
navid9time1,36.65961,0,6,0,
navid9time1,17.91864,8,0,1,
navid9time1,24.17999,3,0,1,
navid9time1,51.28,2,0,1,
navid9time1,22.85999,5,0,1,
navid9time1,35.86002,1,0,1,
navid9time1,16.32001,4,0,1,
navid9time1,36.24078,0,3,0,
navid9time1,26.41919,7,0,1,
navid9time1,41.34003,1,0,1,
navid9time1,33.15997,2,0,1,
navid9time1,32.67242,0,2,0,
navid9time1,1.547607,0,0,0,
navid9time1,22.91998,6,0,1,
navid9time1,34.61493,0,7,0,
navid2time1,48.40112,0,2,0,
navid2time1,50.09975,0,7,0,
navid2time1,40.2794,0,3,0,
navid2time1,39.70189,0,3,0,
navid2time1,44.22505,0,4,0,
navid2time1,30.96397,0,3,0,
navid2time1,36.06038,0,2,0,
navid2time1,4.195656,0,0,0,
navid2time1,40.46009,0,5,0,
navid2time1,51.20083,0,1,0,
navid2time1,46.9193,0,2,0,
navid2time1,49.161,0,6,0,
navid2time1,40.63187,0,2,0,
navid2time1,33.24789,0,3,0,
navid2time1,26.99902,3,0,1,
navid2time1,42.56152,0,5,0,
navid2time1,40.65909,0,2,0,
navid2time1,39.54074,0,1,0,
navid2time1,43.42026,0,5,0,
navid2time1,41.4184,1,0,1,
navid2time1,44.68164,0,8,0,
navid2time1,41.81836,1,0,1,
navid2time1,44.07996,2,0,1,
navid2time1,41.48016,0,5,0,
navid2time1,26.97986,9,0,1,
navid2time1,40.1217,0,5,0,
navid2time1,23.67828,5,0,1,
navid2time1,42.04108,0,5,0,
navid2time1,31.21893,3,0,1,
navid2time1,36.52167,0,7,0,
navid2time1,34.70007,0,1,0,
navid2time1,2.338257,0,0,0,
navid2time1,19.47998,5,0,1,
navid2time1,63.60181,0,8,0,
navid2time1,23.63818,3,0,1,
navid2time1,30.24121,0,2,0,
navid2time1,27.25879,5,0,1,
navid2time1,51.67908,0,4,0,
navid2time1,38.63953,3,0,1,
navid2time1,49.86182,0,4,0,
navid2time1,30.24011,0,5,0,
navid2time1,31.03809,4,0,1,
navid2time1,55.31995,1,0,1,
navid2time1,30.04004,6,0,1,
navid2time1,14,4,0,1,
navid2time1,33.41992,5,0,1,
navid2time1,44.68054,0,5,0,
navid2time1,60.88,0,1,0,
navid2time1,0.1794434,0,0,0,
navid2time1,20.84106,0,4,0,
navid5time1,26.24,3,0,1,
navid5time1,61.34025,0,7,0,
navid5time1,50.16132,0,4,0,
navid5time1,22.45844,5,0,1,
navid5time1,27.36,1,0,1,
navid5time1,33.5206,0,2,0,
navid5time1,30.81979,0,4,0,
navid5time1,25.79984,0,2,0,
navid5time1,39.5213,0,1,0,
navid5time1,0.1384583,0,0,0,
navid5time1,63.14142,0,6,0,
navid5time1,34.91891,0,2,0,
navid5time1,33.33966,5,0,1,
navid5time1,49.68024,0,7,0,
navid5time1,41.15994,0,4,0,
navid5time1,56.66547,0,3,0,
navid5time1,42.89563,0,4,0,
navid5time1,59.43939,0,3,0,
navid5time1,41.00067,0,6,0,
navid5time1,39.14026,0,3,0,
navid5time1,4.858398,0,0,0,
navid5time1,33.92133,0,7,0,
navid5time1,28.2207,0,6,0,
navid5time1,28.638,4,0,1,
navid5time1,37.30035,0,2,0,
navid5time1,34.29962,1,0,1,
navid5time1,27.41998,5,0,1,
navid5time1,40.12042,0,3,0,
navid5time1,3.459595,0,0,0,
navid5time1,42.38025,0,8,0,
navid5time1,47.78149,0,7,0,
navid5time1,35.15955,0,5,0,
navid5time1,36.97925,0,2,0,
navid5time1,31.99963,0,4,0,
navid5time1,4.15979,0,0,0,
navid5time1,45.94141,0,3,0,
navid5time1,82.73865,1,0,1,
navid5time1,32.14136,0,7,0,
navid5time1,28.77869,0,4,0,
navid5time1,4.099976,0,0,0,
navid5time1,36.16211,0,2,0,
navid5time1,30.75781,4,0,1,
navid5time1,60.54175,0,2,0,
navid5time1,30.63892,0,7,0,
navid5time1,28.41931,5,0,1,
navid5time1,34.22009,3,0,1,
navid5time1,48.16125,0,2,0,
navid5time1,33.29871,2,0,1,
navid5time1,35.08154,0,6,0,
navid5time1,23.77844,3,0,1,
navid5time1,43.56274,0,4,0,
navid5time1,74.70203,0,8,0,
navid5time1,47.87524,1,0,1,
player,13.1605,0,6,0,navid 5 new
player,17.07167,2,0,1,
player,21.96804,0,6,0,
player,15.8072,6,0,1,
player,16.77435,0,6,0,
player,15.0575,4,0,1,
player,16.38352,0,7,0,
player,20.15374,2,0,1,
player,19.00642,0,4,0,
player,18.58455,2,0,1,
navid5Newtime1,10.74,7,0,1,test 10 scenario
navid5Newtime1,23.58383,0,2,0,
navid5Newtime1,21.21617,5,0,1,
navid5Newtime1,15.8,4,0,1,
navid5Newtime1,23.46,3,0,1,
navid5Newtime1,17.8,4,0,1,
navid5Newtime1,29.85999,4,0,1,
navid5Newtime1,14.28,8,0,1,
navid5Newtime1,40.08015,0,1,0,
navid5Newtime1,15.11986,7,0,1,test 10 scenario
navid5Newtime1,16.52,4,0,1,
navid5Newtime1,11.34,9,0,1,
navid5Newtime1,18.3,6,0,1,
navid5Newtime1,25.36,1,0,1,
navid5Newtime1,36.1022,0,2,0,
navid5Newtime1,22.25819,0,8,0,
navid5Newtime1,23.17961,3,0,1,
navid5Newtime1,40.84241,0,1,0,
navid5Newtime1,29.1776,2,0,1,
navid5Newtime1,24.5,2,0,1,
navid5Newtime1,25.24147,0,4,0,
navid5Newtime1,23.21854,5,0,1,
navid5Newtime1,10.99997,7,0,1,
navid5Newtime1,40.72,2,0,1,
navid5Newtime1,24.90002,6,0,1,
navid5Newtime1,21.34,6,0,1,
navid5Newtime1,29.13998,1,0,1,
navid5Newtime1,20.78,4,0,1,
navid5Newtime1,16.17999,5,0,1,
navid5Newtime1,38.96063,0,4,0,
navid5Newtime1,17.39935,6,0,1,
navid5Newtime1,9.380005,9,0,1,
navid5Newtime1,21.06,3,0,1,
navid5Newtime1,27.84003,1,0,1,
navid5Newtime1,32.78021,0,4,0,
navid5Newtime1,28.95978,3,0,1,
navid5Newtime1,24.61224,0,1,0,
navid5Newtime1,2.347778,0,0,0,
navid5Newtime1,16.73999,7,0,1,
navid5Newtime1,25.26001,2,0,1,
navid5Newtime1,35.1413,0,8,0,
navid5Newtime1,15.87866,6,0,1,
navid5Newtime1,28.08002,2,0,1,
navid5Newtime1,17.85999,6,0,1,
navid5Newtime1,19.06,4,0,1,
navid5Newtime1,23.64001,1,0,1,
navid5Newtime1,21.12,4,0,1,
navid5Newtime1,14.70001,7,0,1,
navid5Newtime1,28.16034,0,2,0,
navid5Newtime1,35.28027,0,2,0,
navid5Newtime1,27.47937,3,0,1,
navid5Newtime1,36.8822,0,4,0,
navid5Newtime1,29.43958,0,2,0,
navid5Newtime1,24.03821,2,0,1,
navid5Newtime1,14.76001,6,0,1,
navid5Newtime1,42.38098,0,5,0,
navid5Newtime1,24.79907,5,0,1,
navid5Newtime1,39.05994,2,0,1,
navid5Newtime1,14.83997,4,0,1,
navid5Newtime1,19.16003,5,0,1,
navid5Newtime1,19.73999,5,0,1,
navid5Newtime1,37.72107,0,2,0,
navid5Newtime1,47.96106,0,1,0,
navid5Newtime1,19.23792,4,0,1,
navid5Newtime1,27.76001,4,0,1,
navid5Newtime1,21.02002,7,0,1,
navid5Newtime1,18.43994,4,0,1,
navid5Newtime1,44.22034,0,10,0,
navid5Newtime1,26.41968,6,0,1,
navid5Newtime1,45.26001,4,0,1,
navid5Newtime1,33.79993,3,0,1,
arian3,16.22,8,0,1,
arian3,25.04,5,0,1,
arian3,22.26,6,0,1,
arian3,23.44,4,0,1,
arian3,29.40413,0,2,0,
arian3,19.75587,3,0,1,
arian3,17.86,5,0,1,
arian3,18.78,5,0,1,
arian3,20.10001,4,0,1,
arian3,25.34,4,0,1,
arian3,22.28,5,0,1,
arian3,19.31999,4,0,1,
arian3,32.04001,3,0,1,
arian3,42.90125,0,2,0,
arian3,15.09875,3,0,1,
arian3,40.54935,0,2,0,
arian3,3.290649,0,0,0,
arian3,19.89999,2,0,1,
arian3,14.12,8,0,1,
arian3,15.66,6,0,1,
arian3,18.08002,6,0,1,
arian3,26.73999,1,0,1,
arian3,20.19998,4,0,1,
arian3,24.18002,3,0,1,
arian3,24.52002,6,0,1,
arian3,27.25995,2,0,1,
arian3,40.64063,0,1,0,
arian3,15.05939,7,0,1,
arian3,25.44,3,0,1,
arian3,29.47998,1,0,1,
arian3,33.04004,2,0,1,
arian3,22.56,4,0,1,
arian3,24.53998,5,0,1,
arian3,21.38,5,0,1,
arian3,15.53998,4,0,1,
arian3,17.78003,4,0,1,
arian3,31.03998,4,0,1,
arian3,22.66003,5,0,1,
arian3,30.51996,1,0,1,
arian3,27.5,2,0,1,
arian3,22.521,0,5,0,
arian3,11.35901,7,0,1,
arian3,31.60211,0,5,0,
arian3,14.55792,6,0,1,
arian3,16.47992,8,0,1,
arian3,24.06006,5,0,1,
arian3,41.76172,0,4,0,
arian3,29.2583,3,0,1,
arian3,33.04004,1,0,1,
arian3,33.0199,4,0,1,
arian3,18.82007,4,0,1,
arian3,32.83997,2,0,1,
arian3,12.28003,6,0,1,
arian3,32.54126,0,5,0,
arian3,24.39868,3,0,1,
arian3,23.47998,4,0,1,
arian3,27.36133,0,1,0,
arian3,0.09875488,0,0,0,
arian3,40.71997,4,0,1,
arian3,23.26001,5,0,1,
arian3,30,1,0,1,
arian7,26.24,3,0,1,
arian7,35.36089,0,1,0,
arian7,0.4791031,0,0,0,
arian7,31.34115,0,3,0,
arian7,19.77885,5,0,1,
arian7,31.14136,0,5,0,
arian7,3.698639,0,0,0,
arian7,17.08,6,0,1,
arian7,51.03999,2,0,1,
arian7,28.84006,0,3,0,
arian7,25.05995,3,0,1,
arian7,26.22,6,0,1,
arian7,30.82394,0,1,0,
arian7,3.036041,0,0,0,
arian7,28.84,2,0,1,
arian7,16.68002,6,0,1,
arian7,38.60382,0,3,0,
arian7,1.436157,0,0,0,
arian7,21.24002,4,0,1,
arian7,41.12,2,0,1,
arian7,24.16,4,0,1,
arian7,35.42148,0,2,0,
arian7,1.338501,0,0,0,
arian7,18.44,7,0,1,
arian7,38.14001,2,0,1,
arian7,31.28082,0,3,0,
arian7,41.72168,0,7,0,
arian7,38.09747,4,0,1,
arian7,30.66272,0,1,0,
arian7,1.557312,0,0,0,
arian7,26.35999,2,0,1,
arian7,26.90076,0,8,0,
arian7,38.69922,3,0,1,
arian7,44.44,2,0,1,
arian7,36.91998,3,0,1,
arian7,32.90002,1,0,1,
arian7,25.53998,3,0,1,
arian7,20.32001,6,0,1,
arian7,32.90002,3,0,1,
arian7,36.10107,0,1,0,
arian7,0.07885742,0,0,0,
arian7,30.90393,0,5,0,
arian7,38.01611,1,0,1,
arian7,31.40002,1,0,1,
arian7,30.3219,0,4,0,
arian7,21.87805,4,0,1,
arian7,28.52002,3,0,1,
arian7,15.80005,7,0,1,
arian7,31.69995,1,0,1,
arian7,17.80005,7,0,1,
arian7,35.22095,0,2,0,
arian7,4.218994,0,0,0,
arian7,27.14001,5,0,1,
arian7,28.14001,2,0,1,
arian7,23.35999,4,0,1,
arian7,29.3811,0,6,0,
arian7,28.95886,2,0,1,
arian7,31.2821,0,1,0,
arian7,0.8179932,0,0,0,
arian7,24.29993,5,0,1,
arian7,27.02002,6,0,1,
player,11.15342,0,3,0,navid10
player,11.43068,8,0,1,navid10
player,11.16051,7,0,1,navid10
player,12.38461,6,0,1,navid10
player,10.21637,7,0,1,navid10
player,12.28696,8,0,1,navid10
player,14.58343,0,5,0,navid10
player,9.744881,9,0,1,navid10
player,11.48838,0,5,0,navid10
player,17.56333,0,2,0,navid10
navid10,33.52,3,0,1,
navid10,28.98128,0,1,0,
navid10,1.338722,0,0,0,
navid10,39.94,2,0,1,
navid10,31.17999,4,0,1,
navid10,28.56,3,0,1,
navid10,42.06093,0,3,0,
navid10,1.319077,0,0,0,
navid10,36.12132,0,3,0,
navid10,33.49867,4,0,1,
navid10,31.08002,1,0,1,
navid10,33.09998,5,0,1,
navid10,27.6304,0,2,0,
navid10,0.5696106,0,0,0,
navid10,39.12119,0,7,0,
navid10,33.8988,1,0,1,
navid10,35.10049,0,6,0,
navid10,36.19949,5,0,1,
navid10,31.94,2,0,1,
navid10,51.38904,0,1,0,
navid10,0.3109741,0,0,0,
navid10,30.85999,4,0,1,
navid10,81.98016,0,8,0,
navid10,24.97986,3,0,1,
navid10,64.84052,0,10,0,
navid10,27.21948,3,0,1,
navid10,46,2,0,1,
navid10,48.82086,0,7,0,
navid10,23.93915,5,0,1,
navid10,39.6217,0,7,0,
navid10,22.09827,3,0,1,
navid10,41.36389,0,8,0,
navid10,18.89612,6,0,1,
navid10,37.56384,0,2,0,
navid10,53.07617,1,0,1,
navid10,35.29993,4,0,1,
navid10,40.12195,0,4,0,
navid10,32.59814,6,0,1,
navid10,39.36206,0,2,0,
navid10,1.757935,0,0,0,
navid10,39.57996,0,1,0,
navid10,1.440063,0,0,0,
navid10,31.27991,3,0,1,
navid10,16.04004,6,0,1,
navid10,42.7804,0,1,0,
navid10,3.259644,0,0,0,
navid10,39.64099,0,2,0,
navid10,1.53894,0,0,0,
navid10,51.40002,1,0,1,
navid10,34.22021,0,4,0,
navid10,26.22021,0,3,0,
navid10,2.539551,0,0,0,
navid10,31.64099,0,3,0,
navid10,63.83899,1,0,1,
navid10,48,3,0,1,
navid10,54.24072,0,7,0,
navid10,17.49927,5,0,1,
navid10,21.76001,6,0,1,
navid10,30.58008,3,0,1,
navid10,26.93994,3,0,1,
navid10,40.74304,0,4,0,
,,,,0.475409836,
player,17.32798,6,0,1,navid5ffs
player,23.89252,0,6,0,
player,21.93241,2,0,1,
player,24.06926,0,4,0,
player,21.42689,2,0,1,
player,29.1943,0,3,0,
player,27.69795,0,3,0,
player,13.13869,6,0,1,
player,18.25647,1,0,1,
player,22.38437,0,3,0,
,,,,0.5,
navid5ffs,19.88,5,0,1,navid 6
navid5ffs,23.94411,0,2,0,
navid5ffs,1.555893,0,0,0,
navid5ffs,23.52131,0,5,0,
navid5ffs,46.67991,0,1,0,
navid5ffs,1.698784,0,0,0,
navid5ffs,28.3,3,0,1,
navid5ffs,22.25999,5,0,1,
navid5ffs,46.06,1,0,1,
navid5ffs,54.12051,0,2,0,
navid5ffs,32.6413,0,3,0,
navid5ffs,49.11938,0,5,0,
navid5ffs,26.76022,0,4,0,
navid5ffs,37.31882,0,3,0,
navid5ffs,23.37976,3,0,1,
navid5ffs,39.82159,0,5,0,
navid5ffs,32.19839,1,0,1,
navid5ffs,21.60147,0,1,0,
navid5ffs,2.418518,0,0,0,
navid5ffs,26.90002,4,0,1,
navid5ffs,22.71997,3,0,1,
navid5ffs,31.58002,3,0,1,
navid5ffs,30.02002,3,0,1,
navid5ffs,24.23999,4,0,1,
navid5ffs,15.52002,4,0,1,
navid5ffs,9.12,6,0,1,
navid5ffs,43.42823,0,3,0,
navid5ffs,22.03177,5,0,1,
navid5ffs,20.1,4,0,1,
navid5ffs,24.98,6,0,1,
navid5ffs,26.32,2,0,1,
navid5ffs,28.92047,0,2,0,
navid5ffs,24.89957,0,2,0,
navid5ffs,14.11996,9,0,1,
navid5ffs,19.09999,5,0,1,
navid5ffs,16.20001,3,0,1,
navid5ffs,38.28,3,0,1,
navid5ffs,19.85999,3,0,1,
navid5ffs,31.32147,0,4,0,
navid5ffs,31.11853,1,0,1,
navid5ffs,19.51999,3,0,1,
navid5ffs,30.08008,0,2,0,
navid5ffs,27.73993,2,0,1,
navid5ffs,27.06104,0,3,0,
navid5ffs,40.85928,0,8,0,
navid5ffs,10.97968,8,0,1,
navid5ffs,24.46503,0,2,0,
navid5ffs,21.05499,2,0,1,
navid5ffs,16.91998,4,0,1,
navid5ffs,19.86566,0,1,0,
navid5ffs,27.086,0,2,0,
navid5ffs,29.12921,0,3,0,
navid5ffs,4.359131,0,0,0,
navid5ffs,24.35999,1,0,1,
navid5ffs,28.54541,0,2,0,
navid5ffs,30.1546,5,0,1,
navid5ffs,17.94,6,0,1,
navid5ffs,31.66071,0,4,0,
navid5ffs,4.639282,0,0,0,
navid5ffs,36.35999,3,0,1,
navid5ffs,26.56,4,0,1,
navid5ffs,18.54004,5,0,1,
navid5ffs,16.65997,4,0,1,
navid5ffs,32.02002,2,0,1,
navid5ffs,29.41998,1,0,1,
navid5ffs,21.32001,1,0,1,
modeled5,modeled5,modeled5,modeled5,modeled5,
navid5ffs,31.02,1,0,1,
navid5ffs,24.82,1,0,1,
navid5ffs,17.36,5,0,1,
navid5ffs,21.86,2,0,1,
navid5ffs,37.5204,0,5,0,
navid5ffs,18.8996,5,0,1,
navid5ffs,35.3,2,0,1,
navid5ffs,27.06,1,0,1,
navid5ffs,16.28,5,0,1,
player,27.88,3,0,1,player model from navid 2
player,23.50165,0,5,0,
player,41.07966,0,1,0,
player,45.03869,3,0,1,
player,39.31999,5,0,1,
player,30.16,2,0,1,
player,32.7841,0,1,0,
player,48.25763,0,1,0,
player,0.07827759,0,0,0,
player,26.88043,0,4,0,
player,194.8433,2,0,1,
4 modeled,49.92334,0,10,0,
4 modeled,65.3,0,9,0,
4 modeled,43.13666,6,0,1,
4 modeled,27.74667,0,5,0,
4 modeled,18.91333,6,0,1,
4 modeled,30.98669,0,4,0,
4 modeled,34.4733,2,0,1,
4 modeled,44.35999,1,0,1,
4 modeled,58.36673,0,4,0,
4 modeled,16.45325,5,0,1,
4 modeled,25.53009,0,1,0,
4 modeled,0.3099365,0,0,0,
4 modeled,52.72339,0,8,0,
4 modeled,48.17664,2,0,1,
4 modeled,37.92334,0,4,0,
4 modeled,16.69666,5,0,1,
4 modeled,30.07996,2,0,1,
4 modeled,40.49011,0,4,0,
4 modeled,34.60992,3,0,1,
4 modeled,28.83997,7,0,1,
4 modeled,13.73999,8,0,1,
4 modeled,39.32678,0,3,0,
4 modeled,29.6333,0,3,0,
4 modeled,43.10004,0,4,0,
4 modeled,18.79993,8,0,1,
4 modeled,14.57996,7,0,1,
4 modeled,15.83997,6,0,1,
4 modeled,29.9801,0,1,0,
4 modeled,12.62,7,0,1,
4 modeled,30.07996,4,0,1,
4 modeled,38.4668,0,1,0,
4 modeled,0.07324219,0,0,0,
4 modeled,14.05994,6,0,1,
4 modeled,32.20007,0,2,0,
4 modeled,19.31995,5,0,1,
4 modeled,20.56006,6,0,1,
4 modeled,40.57996,2,0,1,
4 modeled,20.57996,4,0,1,
4 modeled,53.62683,0,3,0,
4 modeled,13.21326,6,0,1,
4 modeled,21.50342,0,6,0,
4 modeled,44.86658,0,5,0,
4 modeled,50.5,0,4,0,
4 modeled,48.63342,0,2,0,
4 modeled,43.45654,2,0,1,
4 modeled,27.12,1,0,1,
4 modeled,25.03992,4,0,1,
4 modeled,16.38,6,0,1,
4 modeled,37.08679,0,1,0,
4 modeled,0.3933105,0,0,0,
4 modeled,10.45996,6,0,1,
4 modeled,27.69995,4,0,1,
navid 4 modeled,29.54584,0,3,0,
navid 4 modeled,1.674162,0,0,0,
navid 4 modeled,11.56,8,0,1,
navid 4 modeled,17.76,6,0,1,
navid 4 modeled,21.96,3,0,1,
navid 4 modeled,34.14311,0,3,0,
navid 4 modeled,33.65689,3,0,1,
navid 4 modeled,10.2,8,0,1,
navid 4 modeled,23.17999,5,0,1,
navid 4 modeled,16.06,5,0,1,
navid 4 modeled,32.30083,0,4,0,
navid 4 modeled,19.01918,6,0,1,
navid 4 modeled,22.66,1,0,1,
navid 4 modeled,9.839996,7,0,1,
navid 4 modeled,23.26001,5,0,1,
navid 4 modeled,12.28,8,0,1,
navid 4 modeled,34.81998,2,0,1,
navid 4 modeled,36.89999,2,0,1,
navid 4 modeled,38.90002,1,0,1,
navid 4 modeled,25.97998,4,0,1,
navid 4 modeled,26.04001,4,0,1,
navid 4 modeled,19.07999,4,0,1,
navid 4 modeled,28.78,1,0,1,
navid 4 modeled,21.94,6,0,1,
navid 4 modeled,41.98529,0,2,0,
navid 4 modeled,16.93469,6,0,1,
navid 4 modeled,33.16248,0,1,0,
navid 4 modeled,0.4175415,0,0,0,
navid 4 modeled,10.40002,8,0,1,
navid 4 modeled,25.23999,2,0,1,
navid 4 modeled,17.44,4,0,1,
navid 4 modeled,12.20001,7,0,1,
navid 4 modeled,31.48206,0,1,0,
navid 4 modeled,13.87793,8,0,1,
navid 4 modeled,35.88,3,0,1,
navid 4 modeled,27.97998,3,0,1,
navid 4 modeled,44.08002,1,0,1,
navid 4 modeled,34.06,4,0,1,
navid 4 modeled,16.95996,5,0,1,
navid 4 modeled,29.40002,2,0,1,
navid 4 modeled,38.64001,4,0,1,
navid 4 modeled,26.35999,1,0,1,
navid 4 modeled,24.32001,1,0,1,
navid 4 modeled,23.7019,0,4,0,
navid 4 modeled,12.05811,6,0,1,
navid 4 modeled,35.85999,5,0,1,
navid 4 modeled,23.36169,0,3,0,
navid 4 modeled,26.38013,0,1,0,
navid 4 modeled,0.3581543,0,0,0,
navid 4 modeled,10.83997,7,0,1,
navid 4 modeled,25.66064,0,4,0,
navid 4 modeled,25.81946,0,3,0,
navid 4 modeled,1.880005,0,0,0,
navid 4 modeled,10.59998,6,0,1,
navid 4 modeled,40.71997,1,0,1,
navid 4 modeled,28.69995,5,0,1,
navid 4 modeled,30.92114,0,1,0,
navid 4 modeled,40.01892,1,0,1,
navid 4 modeled,31.04004,2,0,1,
navid 4 modeled,12.12,7,0,1,
navid 4 modeled,35.17993,2,0,1,
arian_7_gail_7,14.2,3,0,1,
arian_7_gail_7,27.34,4,0,1,
arian_7_gail_7,28.32,5,0,1,
arian_7_gail_7,17.92212,0,1,0,
arian_7_gail_7,33.19788,2,0,1,
arian_7_gail_7,21.42,4,0,1,
arian_7_gail_7,31.56143,0,4,0,
arian_7_gail_7,49.59869,0,4,0,
arian_7_gail_7,32.85986,3,0,1,
arian_7_gail_7,27.84039,0,2,0,
arian_7_gail_7,1.559631,0,0,0,
arian_7_gail_7,13,9,0,1,
arian_7_gail_7,29.63998,3,0,1,
arian_7_gail_7,24.51999,3,0,1,
arian_7_gail_7,23.26251,0,6,0,
arian_7_gail_7,31.47797,0,1,0,
arian_7_gail_7,0.8795471,0,0,0,
arian_7_gail_7,29.18112,0,2,0,
arian_7_gail_7,29.63922,0,3,0,
arian_7_gail_7,25.76038,0,2,0,
arian_7_gail_7,25.97925,3,0,1,
arian_7_gail_7,26.84058,0,2,0,
arian_7_gail_7,4.199463,0,0,0,
arian_7_gail_7,31.47998,2,0,1,
arian_7_gail_7,29.5,2,0,1,
arian_7_gail_7,24.03998,4,0,1,
arian_7_gail_7,35.78003,3,0,1,
arian_7_gail_7,36.80322,0,3,0,
arian_7_gail_7,17.63678,4,0,1,
arian_7_gail_7,21.91998,1,0,1,
arian_7_gail_7,30.70001,3,0,1,
arian_7_gail_7,21.23999,2,0,1,
arian_7_gail_7,18.83997,6,0,1,
arian_7_gail_7,28.38055,0,5,0,
arian_7_gail_7,43.71948,1,0,1,
arian_7_gail_7,22.82001,6,0,1,
arian_7_gail_7,29.12,3,0,1,
arian_7_gail_7,30.58148,0,2,0,
arian_7_gail_7,3.158508,0,0,0,
arian_7_gail_7,27.08441,0,3,0,
arian_7_gail_7,38.2356,3,0,1,
arian_7_gail_7,24.80286,0,2,0,
arian_7_gail_7,33.07727,0,1,0,
arian_7_gail_7,1.17981,0,0,0,
arian_7_gail_7,38.08386,0,5,0,
arian_7_gail_7,26.45642,0,3,0,
arian_7_gail_7,11.73975,7,0,1,
arian_7_gail_7,29.10034,0,1,0,
arian_7_gail_7,29.50073,0,3,0,
arian_7_gail_7,3.278931,0,0,0,
arian_7_gail_7,33.5426,0,1,0,
arian_7_gail_7,1.217407,0,0,0,
arian_7_gail_7,16.19995,6,0,1,
arian_7_gail_7,16.30005,6,0,1,
arian_7_gail_7,22.52002,3,0,1,
arian_7_gail_7,33.59998,5,0,1,
arian_7_gail_7,44.5,1,0,1,
arian_7_gail_7,28.88147,0,2,0,
arian_7_gail_7,25.79858,4,0,1,
arian_7_gail_7,29.57996,1,0,1,
arian_7_gail_7,15.62,3,0,1,
arian_7_gail_9,23.96,1,0,1,
arian_7_gail_9,27.44,1,0,1,
arian_7_gail_9,24.64,6,0,1,
arian_7_gail_9,28.43999,7,0,1,
arian_7_gail_9,26.18001,1,0,1,
arian_7_gail_9,20.87999,3,0,1,
arian_7_gail_9,23.46001,6,0,1,
arian_7_gail_9,20.3,3,0,1,
arian_7_gail_9,14.15999,3,0,1,
arian_7_gail_9,18.3,5,0,1,
arian_7_gail_9,19.88,4,0,1,
arian_7_gail_9,17.49998,4,0,1,
arian_7_gail_9,21.70001,7,0,1,
arian_7_gail_9,17.85999,6,0,1,
arian_7_gail_9,21.26001,2,0,1,
arian_7_gail_9,14.17999,5,0,1,
arian_7_gail_9,10.89999,6,0,1,
arian_7_gail_9,22.80002,6,0,1,
arian_7_gail_9,21.44,5,0,1,
arian_7_gail_9,16.34,6,0,1,
arian_7_gail_9,25.41998,4,0,1,
arian_7_gail_9,16.24002,8,0,1,
arian_7_gail_9,12.28,6,0,1,
arian_7_gail_9,24.00201,0,3,0,
arian_7_gail_9,2.697968,0,0,0,
arian_7_gail_9,9.300018,6,0,1,
arian_7_gail_9,15.85999,6,0,1,
arian_7_gail_9,15.84003,7,0,1,
arian_7_gail_9,29.98004,0,1,0,
arian_7_gail_9,4.539917,0,0,0,
arian_7_gail_9,7.080017,9,0,1,
arian_7_gail_9,20.47998,4,0,1,
arian_7_gail_9,18.52002,5,0,1,
arian_7_gail_9,11.32001,7,0,1,
arian_7_gail_9,12.88,6,0,1,
arian_7_gail_9,18.33997,3,0,1,
arian_7_gail_9,30.66003,3,0,1,
arian_7_gail_9,14.56,6,0,1,
arian_7_gail_9,13.01996,6,0,1,
arian_7_gail_9,14.52002,4,0,1,
arian_7_gail_9,23.06,4,0,1,
arian_7_gail_9,31.67999,6,0,1,
arian_7_gail_9,12.73999,6,0,1,
arian_7_gail_9,11.86005,9,0,1,
arian_7_gail_9,20.71997,4,0,1,
arian_7_gail_9,18.02002,3,0,1,
arian_7_gail_9,22.06,1,0,1,
arian_7_gail_9,21.96588,0,3,0,
arian_7_gail_9,17.37408,7,0,1,
arian_7_gail_9,16.68005,7,0,1,
arian_7_gail_9,18.45996,6,0,1,
arian_7_gail_9,17.44,6,0,1,
arian_7_gail_9,29.60864,0,3,0,
arian_7_gail_9,26.11139,6,0,1,
arian_7_gail_9,18.56,4,0,1,
arian_7_gail_9,40.26001,2,0,1,
arian_7_gail_9,21.76001,3,0,1,
arian_7_gail_9,16.55994,6,0,1,
arian_7_gail_9,17.5,5,0,1,
arian_7_gail_9,22.28052,0,4,0,
arian_7_gail_9,17.53955,4,0,1,
navid_2_gail_7,25.94,4,0,1,
navid_2_gail_7,22.7,4,0,1,
navid_2_gail_7,39.32073,0,1,0,
navid_2_gail_7,20.99927,5,0,1,
navid_2_gail_7,24.06001,5,0,1,
navid_2_gail_7,29.22047,0,1,0,
navid_2_gail_7,24.65952,5,0,1,
navid_2_gail_7,33.3607,0,1,0,
navid_2_gail_7,3.339294,0,0,0,
navid_2_gail_7,34.53999,3,0,1,
navid_2_gail_7,21.78,4,0,1,
navid_2_gail_7,45.64001,1,0,1,
navid_2_gail_7,26.07999,2,0,1,
navid_2_gail_7,24.26001,5,0,1,
navid_2_gail_7,31.84,2,0,1,
navid_2_gail_7,17.62,5,0,1,
navid_2_gail_7,22.42001,4,0,1,
navid_2_gail_7,30,1,0,1,
navid_2_gail_7,29.53998,7,0,1,
navid_2_gail_7,15.88004,7,0,1,
navid_2_gail_7,22.01996,4,0,1,
navid_2_gail_7,32.60004,3,0,1,
navid_2_gail_7,27.79999,5,0,1,
navid_2_gail_7,29.77997,5,0,1,
navid_2_gail_7,16.22003,6,0,1,
navid_2_gail_7,36.44189,0,1,0,
navid_2_gail_7,37.15808,5,0,1,
navid_2_gail_7,35.52191,0,2,0,
navid_2_gail_7,23.6781,2,0,1,
navid_2_gail_7,19.38,4,0,1,
navid_2_gail_7,21.58002,5,0,1,
navid_2_gail_7,19.53998,4,0,1,
navid_2_gail_7,16.40002,8,0,1,
navid_2_gail_7,28.94,4,0,1,
navid_2_gail_7,36.48041,0,2,0,
navid_2_gail_7,14.55957,6,0,1,
navid_2_gail_7,29.17999,1,0,1,
navid_2_gail_7,23.06,5,0,1,
navid_2_gail_7,30.34003,1,0,1,
navid_2_gail_7,34.5,2,0,1,
navid_2_gail_7,24.47998,2,0,1,
navid_2_gail_7,28.45996,2,0,1,
navid_2_gail_7,23.5,7,0,1,
navid_2_gail_7,18.06006,3,0,1,
navid_2_gail_7,31.68408,0,2,0,
navid_2_gail_7,1.455933,0,0,0,
navid_2_gail_7,29.93994,3,0,1,
navid_2_gail_7,50.2218,0,1,0,
navid_2_gail_7,30.17822,5,0,1,
navid_2_gail_7,22.54004,3,0,1,
navid_2_gail_7,24.50122,0,1,0,
navid_2_gail_7,0.8187256,0,0,0,
navid_2_gail_7,31.24084,0,2,0,
navid_2_gail_7,23.70251,0,2,0,
navid_2_gail_7,24.75659,3,0,1,
navid_2_gail_7,21.72009,2,0,1,
navid_2_gail_7,21.93994,2,0,1,
navid_2_gail_7,15.86035,0,6,0,
navid_2_gail_7,21.01965,6,0,1,
navid_2_gail_7,14.09998,6,0,1,
navid_2_gail_7,26.02002,3,0,1,
navid_2_gail_9,30.14,4,0,1
navid_2_gail_9,47.22276,0,4,0
navid_2_gail_9,25.15834,0,2,0
navid_2_gail_9,51.05377,0,1,0
navid_2_gail_9,48.8654,0,1,0
navid_2_gail_9,48.11972,2,0,1
navid_2_gail_9,19.62576,0,2,0
navid_2_gail_9,35.01678,0,2,0
navid_2_gail_9,29.77744,3,0,1
navid_2_gail_9,19.28,2,0,1
navid_2_gail_9,34.06,1,0,1
navid_2_gail_9,24.34003,4,0,1
navid_2_gail_9,18.01999,5,0,1
navid_2_gail_9,44.04001,1,0,1
navid_2_gail_9,32.88202,0,5,0
navid_2_gail_9,28.73795,1,0,1
navid_2_gail_9,35,5,0,1
navid_2_gail_9,23.92004,5,0,1
navid_2_gail_9,20.69995,7,0,1
navid_2_gail_9,27.56,4,0,1
navid_2_gail_9,32.88,2,0,1
navid_2_gail_9,34.7804,0,3,0
navid_2_gail_9,39.8399,0,1,0
navid_2_gail_9,44.03973,3,0,1
navid_2_gail_9,38.41998,3,0,1
navid_2_gail_9,35.5,1,0,1
navid_2_gail_9,32.2403,0,5,0
navid_2_gail_9,56.41968,1,0,1
navid_2_gail_9,31.96002,2,0,1
navid_2_gail_9,63.30017,0,3,0
navid_2_gail_9,40.80115,0,3,0
navid_2_gail_9,34.29968,0,1,0
navid_2_gail_9,47.10059,0,2,0
navid_2_gail_9,17.51843,5,0,1
navid_2_gail_9,38.68091,0,3,0
navid_2_gail_9,31.61902,1,0,1
navid_2_gail_9,51.52148,0,5,0
navid_2_gail_9,37.80017,0,7,0
navid_2_gail_9,36.55835,1,0,1
navid_2_gail_9,56.46094,0,1,0
navid_2_gail_9,25.87915,2,0,1
navid_2_gail_9,30.38,0,3,0
navid_2_gail_9,19.05994,2,0,1
navid_2_gail_9,33.6228,0,4,0
navid_2_gail_9,16.59717,6,0,1
navid_2_gail_9,50.60095,0,2,0
navid_2_gail_9,37.32031,0,2,0
navid_2_gail_9,43.16187,0,5,0
navid_2_gail_9,39.67773,0,4,0
navid_2_gail_9,28.44019,0,4,0
navid_2_gail_9,30.92639,0,6,0
navid_2_gail_9,59.03394,0,4,0
navid_2_gail_9,33.95862,1,0,1
navid_2_gail_9,26.40039,0,1,0
navid_2_gail_9,46.78125,0,1,0
navid_2_gail_9,47.96045,0,2,0
navid_2_gail_9,23.13794,5,0,1
navid_2_gail_9,45.19995,2,0,1
navid_2_gail_9,13.67993,7,0,1
navid_2_gail_9,29.2002,3,0,1
navid_2_gail_9,43.17993,2,0,1
navid_6_gail_7,38.7605,0,0,0
navid_6_gail_7,21.17944,4,0,1
navid_6_gail_7,13.23999,6,0,1
navid_6_gail_7,23.68018,6,0,1
navid_6_gail_7,20.69995,6,0,1
navid_6_gail_7,13.28003,9,0,1
navid_6_gail_7,18.35986,3,0,1
navid_6_gail_7,19.86011,4,0,1
navid_6_gail_7,24.22046,0,1,0
navid_6_gail_7,33.05957,1,0,1
navid_6_gail_7,40.74023,0,1,0
navid_6_gail_7,13.25977,6,0,1
navid_6_gail_7,36.40088,0,1,0
navid_6_gail_7,30.34009,0,6,0
navid_6_gail_7,23.71899,4,0,1
navid_6_gail_7,12.37988,6,0,1
navid_6_gail_7,21.97998,5,0,1
navid_6_gail_7,13.52002,7,0,1
navid_6_gail_7,16.32007,6,0,1
navid_6_gail_7,21.41992,5,0,1
navid_6_gail_7,18.86011,4,0,1
navid_6_gail_7,15.23999,6,0,1
navid_6_gail_7,16.04004,8,0,1
navid_6_gail_7,18.07983,7,0,1
navid_6_gail_7,17.73999,7,0,1
navid_6_gail_7,17.92017,7,0,1
navid_6_gail_7,17.13989,7,0,1
navid_6_gail_7,20.86011,6,0,1
navid_6_gail_7,26.54004,3,0,1
navid_6_gail_7,38.31982,1,0,1
navid_6_gail_7,19.02002,5,0,1
navid_6_gail_7,18.90015,6,0,1
navid_6_gail_7,17.15991,6,0,1
navid_6_gail_7,21.84009,5,0,1
navid_6_gail_7,22,5,0,1
navid_6_gail_7,17.3999,6,0,1
navid_6_gail_7,15.8999,7,0,1
navid_6_gail_7,14.2002,8,0,1
navid_6_gail_7,14.2998,6,0,1
navid_6_gail_7,20.94019,5,0,1
navid_6_gail_7,17.69995,5,0,1
navid_6_gail_7,19.04004,6,0,1
navid_6_gail_7,20.15991,8,0,1
navid_6_gail_7,20.6001,4,0,1
navid_6_gail_7,20.03979,5,0,1
navid_6_gail_7,15.72021,6,0,1
navid_6_gail_7,20.81982,6,0,1
navid_6_gail_7,39.58105,0,2,0
navid_6_gail_7,30.55933,0,3,0
navid_6_gail_7,39.86011,0,5,0
navid_6_gail_7,16.71948,8,0,1
navid_6_gail_7,25.28003,5,0,1
navid_6_gail_7,29.62036,0,1,0
navid_6_gail_7,29.60034,0,1,0
navid_6_gail_7,38.44189,0,1,0
navid_6_gail_7,24.73755,3,0,1
navid_6_gail_7,26.71997,3,0,1
navid_6_gail_7,22.56006,3,0,1
navid_6_gail_7,17.31982,7,0,1
navid_6_gail_7,17.97998,4,0,1
navid_6_gail_7,26.78003,6,0,1
navid_6_gail_9,42.78149,0,0,0
navid_6_gail_9,20.47852,4,0,1
navid_6_gail_9,25.19995,3,0,1
navid_6_gail_9,13.78003,5,0,1
navid_6_gail_9,28.80176,0,2,0
navid_6_gail_9,20.07837,6,0,1
navid_6_gail_9,25.67993,3,0,1
navid_6_gail_9,16.65991,5,0,1
navid_6_gail_9,19.86011,1,0,1
navid_6_gail_9,22.59985,4,0,1
navid_6_gail_9,26.22021,1,0,1
navid_6_gail_9,14.02002,8,0,1
navid_6_gail_9,20.75977,4,0,1
navid_6_gail_9,20.5,5,0,1
navid_6_gail_9,29.78003,2,0,1
navid_6_gail_9,23.12012,5,0,1
navid_6_gail_9,13.35986,6,0,1
navid_6_gail_9,37.64038,0,3,0
navid_6_gail_9,21.51978,5,0,1
navid_6_gail_9,22.85986,3,0,1
navid_6_gail_9,24.94019,4,0,1
navid_6_gail_9,24.44019,0,2,0
navid_6_gail_9,12.99976,8,0,1
navid_6_gail_9,15.11987,6,0,1
navid_6_gail_9,12.94019,7,0,1
navid_6_gail_9,18.23999,5,0,1
navid_6_gail_9,17.06006,3,0,1
navid_6_gail_9,18.13965,5,0,1
navid_6_gail_9,28.42041,3,0,1
navid_6_gail_9,26.87988,4,0,1
navid_6_gail_9,17.87988,6,0,1
navid_6_gail_9,16.64014,5,0,1
navid_6_gail_9,24.95996,4,0,1
navid_6_gail_9,15.6001,7,0,1
navid_6_gail_9,33.47998,1,0,1
navid_6_gail_9,20.94141,0,3,0
navid_6_gail_9,23.59863,1,0,1
navid_6_gail_9,19.21973,5,0,1
navid_6_gail_9,23.78027,4,0,1
navid_6_gail_9,18.5,6,0,1
navid_6_gail_9,21.63965,5,0,1
navid_6_gail_9,17.52002,4,0,1
navid_6_gail_9,12.43994,8,0,1
navid_6_gail_9,12.52002,6,0,1
navid_6_gail_9,18.43994,8,0,1
navid_6_gail_9,16.54004,4,0,1
navid_6_gail_9,22.7002,3,0,1
navid_6_gail_9,21.72021,3,0,1
navid_6_gail_9,20.15967,6,0,1
navid_6_gail_9,16.8999,8,0,1
navid_6_gail_9,34.72021,6,0,1
navid_6_gail_9,18.95996,5,0,1
navid_6_gail_9,18.5,3,0,1
navid_6_gail_9,27.6001,3,0,1
navid_6_gail_9,16.2998,5,0,1
navid_6_gail_9,32.18018,1,0,1
navid_6_gail_9,37.10156,0,4,0
navid_6_gail_9,22.49854,4,0,1
navid_6_gail_9,22.91992,6,0,1
navid_6_gail_9,23.24072,0,2,0
navid_6_gail_9,29.01904,4,0,1
navid_9_gail_7,28.95996,0,0,0
navid_9_gail_7,17.44043,5,0,1
navid_9_gail_7,13.5,5,0,1
navid_9_gail_7,32.62158,0,2,0
navid_9_gail_7,28.41797,1,0,1
navid_9_gail_7,21.08008,7,0,1
navid_9_gail_7,18.72021,6,0,1
navid_9_gail_7,16.54004,5,0,1
navid_9_gail_7,22.43994,3,0,1
navid_9_gail_7,20.46533,0,2,0
navid_9_gail_7,15.87451,6,0,1
navid_9_gail_7,20.8999,4,0,1
navid_9_gail_7,33.06445,0,3,0
navid_9_gail_7,23.17578,2,0,1
navid_9_gail_7,21.52002,7,0,1
navid_9_gail_7,14.73975,5,0,1
navid_9_gail_7,25.66016,5,0,1
navid_9_gail_7,28.54004,3,0,1
navid_9_gail_7,35.81982,3,0,1
navid_9_gail_7,25.26025,3,0,1
navid_9_gail_7,23.02002,3,0,1
navid_9_gail_7,35.45996,1,0,1
navid_9_gail_7,38.41992,1,0,1
navid_9_gail_7,23.91992,7,0,1
navid_9_gail_7,17.7002,5,0,1
navid_9_gail_7,32.33984,5,0,1
navid_9_gail_7,26.24023,3,0,1
navid_9_gail_7,32.67578,0,2,0
navid_9_gail_7,29.58398,6,0,1
navid_9_gail_7,26.62158,0,3,0
navid_9_gail_7,16.55859,6,0,1
navid_9_gail_7,11.77979,7,0,1
navid_9_gail_7,17.32031,3,0,1
navid_9_gail_7,35.18213,0,1,0
navid_9_gail_7,28.95752,1,0,1
navid_9_gail_7,16.12012,5,0,1
navid_9_gail_7,29.2002,1,0,1
navid_9_gail_7,20.19971,1,0,1
navid_9_gail_7,21.85986,5,0,1
navid_9_gail_7,23.38037,4,0,1
navid_9_gail_7,25.11963,1,0,1
navid_9_gail_7,20.78027,4,0,1
navid_9_gail_7,17.66016,4,0,1
navid_9_gail_7,25.47998,3,0,1
navid_9_gail_7,20.97998,5,0,1
navid_9_gail_7,23.41992,3,0,1
navid_9_gail_7,30.12012,1,0,1
navid_9_gail_7,32.37988,1,0,1
navid_9_gail_7,25.97998,5,0,1
navid_9_gail_7,21.14014,3,0,1
navid_9_gail_7,23.3208,0,2,0
navid_9_gail_7,27.99902,3,0,1
navid_9_gail_7,27.14014,1,0,1
navid_9_gail_7,24.71973,5,0,1
navid_9_gail_7,21.24023,4,0,1
navid_9_gail_7,24.27979,4,0,1
navid_9_gail_7,25.30029,5,0,1
navid_9_gail_7,22.55957,4,0,1
navid_9_gail_7,25.62012,5,0,1
navid_9_gail_7,17.93994,6,0,1
navid_9_gail_7,12.40039,8,0,1
navid_9_gail_9,31.30078,0,0,0
navid_9_gail_9,29.55908,3,0,1
navid_9_gail_9,23.25977,3,0,1
navid_9_gail_9,30.96094,0,4,0
navid_9_gail_9,31,0,4,0
navid_9_gail_9,29.81982,0,4,0
navid_9_gail_9,26.19971,0,4,0
navid_9_gail_9,26.46191,0,5,0
navid_9_gail_9,29.07764,1,0,1
navid_9_gail_9,42.1001,2,0,1
navid_9_gail_9,31.1416,0,3,0
navid_9_gail_9,23.13818,3,0,1
navid_9_gail_9,28.78223,0,4,0
navid_9_gail_9,25.37842,0,3,0
navid_9_gail_9,29.54004,0,2,0
navid_9_gail_9,40.07959,1,0,1
navid_9_gail_9,14.97998,5,0,1
navid_9_gail_9,25.83984,4,0,1
navid_9_gail_9,23.2002,5,0,1
navid_9_gail_9,31.48096,0,8,0
navid_9_gail_9,31.92041,0,5,0
navid_9_gail_9,30.95898,0,1,0
navid_9_gail_9,25.69971,4,0,1
navid_9_gail_9,44.30127,0,3,0
navid_9_gail_9,15.41846,6,0,1
navid_9_gail_9,27.06006,4,0,1
navid_9_gail_9,33.26465,0,1,0
navid_9_gail_9,30.47559,2,0,1
navid_9_gail_9,28.54004,4,0,1
navid_9_gail_9,32.60449,0,1,0
navid_9_gail_9,40.55518,2,0,1
navid_9_gail_9,25.47998,6,0,1
navid_9_gail_9,30.14014,3,0,1
navid_9_gail_9,30.81982,3,0,1
navid_9_gail_9,26.76025,1,0,1
navid_9_gail_9,32.50049,0,3,0
navid_9_gail_9,21.39941,5,0,1
navid_9_gail_9,41.021,0,1,0
navid_9_gail_9,32.98096,0,1,0
navid_9_gail_9,31.29834,0,4,0
navid_9_gail_9,24.35986,0,2,0
navid_9_gail_9,33.75977,2,0,1
navid_9_gail_9,33.65186,0,3,0
navid_9_gail_9,27.63818,0,1,0
navid_9_gail_9,44.1499,1,0,1
navid_9_gail_9,20.74023,3,0,1
navid_9_gail_9,38.56006,0,6,0
navid_9_gail_9,29.85986,1,0,1
navid_9_gail_9,33.26025,3,0,1
navid_9_gail_9,34.23975,2,0,1
navid_9_gail_9,34.68018,1,0,1
navid_9_gail_9,25.48926,0,4,0
navid_9_gail_9,29.65186,0,6,0
navid_9_gail_9,29.53857,4,0,1
navid_9_gail_9,40.02002,3,0,1
navid_9_gail_9,28.34033,2,0,1
navid_9_gail_9,52.24512,0,2,0
navid_9_gail_9,27.71484,1,0,1
navid_9_gail_9,26.02002,2,0,1
navid_9_gail_9,20.67969,3,0,1
navid_9_gail_9,36.58105,0,4,0
navid_62_gail_7,44.66504,0,0,0
navid_62_gail_7,24.25391,3,0,1
navid_62_gail_7,24.74023,5,0,1
navid_62_gail_7,17.62012,4,0,1
navid_62_gail_7,30.84082,0,6,0
navid_62_gail_7,32.93848,1,0,1
navid_62_gail_7,31.4209,6,0,1
navid_62_gail_7,36.54004,0,4,0
navid_62_gail_7,34.62012,0,1,0
navid_62_gail_7,32.97949,1,0,1
navid_62_gail_7,30.24023,4,0,1
navid_62_gail_7,49.95117,0,1,0
navid_62_gail_7,15.48828,5,0,1
navid_62_gail_7,29.26367,0,1,0
navid_62_gail_7,41.31738,0,3,0
navid_62_gail_7,31.24121,0,4,0
navid_62_gail_7,22.95801,1,0,1
navid_62_gail_7,25.54004,3,0,1
navid_62_gail_7,19.37988,6,0,1
navid_62_gail_7,34.75684,0,2,0
navid_62_gail_7,30.16309,2,0,1
navid_62_gail_7,17.5,5,0,1
navid_62_gail_7,42.60059,4,0,1
navid_62_gail_7,24.2793,6,0,1
navid_62_gail_7,31.86133,0,4,0
navid_62_gail_7,43.66113,0,3,0
navid_62_gail_7,23.37793,4,0,1
navid_62_gail_7,44.58105,0,1,0
navid_62_gail_7,38.61621,0,5,0
navid_62_gail_7,25.40234,3,0,1
navid_62_gail_7,32.86035,0,1,0
navid_62_gail_7,25.04004,7,0,1
navid_62_gail_7,28.7002,3,0,1
navid_62_gail_7,44.18262,0,3,0
navid_62_gail_7,21.17676,2,0,1
navid_62_gail_7,14.58008,8,0,1
navid_62_gail_7,20.04004,5,0,1
navid_62_gail_7,41.12012,3,0,1
navid_62_gail_7,45.05957,0,3,0
navid_62_gail_7,22.5,5,0,1
navid_62_gail_7,20.68066,4,0,1
navid_62_gail_7,29.17969,2,0,1
navid_62_gail_7,35.54004,3,0,1
navid_62_gail_7,19.5,5,0,1
navid_62_gail_7,22.74023,4,0,1
navid_62_gail_7,38.51953,2,0,1
navid_62_gail_7,36.00098,0,1,0
navid_62_gail_7,27.13965,4,0,1
navid_62_gail_7,40.03125,0,1,0
navid_62_gail_7,30.80859,1,0,1
navid_62_gail_7,17.67969,7,0,1
navid_62_gail_7,27.21973,5,0,1
navid_62_gail_7,31.13965,0,3,0
navid_62_gail_7,24.94043,3,0,1
navid_62_gail_7,41.60352,0,5,0
navid_62_gail_7,37.35938,0,1,0
navid_62_gail_7,28.87695,3,0,1
navid_62_gail_7,39.5625,0,1,0
navid_62_gail_7,22.3584,5,0,1
navid_62_gail_7,42.19922,2,0,1
navid_62_gail_7,40.52051,0,3,0
navid_62_gail_9,42.62012,0,0,0
navid_62_gail_9,40.07031,0,4,0
navid_62_gail_9,35.87598,0,4,0
navid_62_gail_9,33.83301,5,0,1
navid_62_gail_9,40.1084,0,1,0
navid_62_gail_9,45.71289,0,1,0
navid_62_gail_9,32.29883,3,0,1
navid_62_gail_9,48.41992,1,0,1
navid_62_gail_9,35.12012,4,0,1
navid_62_gail_9,35.2998,2,0,1
navid_62_gail_9,38.20215,0,1,0
navid_62_gail_9,43.67871,0,1,0
navid_62_gail_9,40.67969,0,6,0
navid_62_gail_9,33.28027,0,4,0
navid_62_gail_9,34.36035,0,2,0
navid_62_gail_9,37.98047,0,3,0
navid_62_gail_9,27.93848,5,0,1
navid_62_gail_9,36.68066,0,2,0
navid_62_gail_9,35.62012,0,3,0
navid_62_gail_9,63.94043,0,5,0
navid_62_gail_9,36.17969,0,3,0
navid_62_gail_9,47.71973,3,0,1
navid_62_gail_9,46.71973,1,0,1
navid_62_gail_9,36.75977,5,0,1
navid_62_gail_9,45.7207,2,0,1
navid_62_gail_9,42.2998,0,5,0
navid_62_gail_9,43.21973,0,2,0
navid_62_gail_9,29.48047,2,0,1
navid_62_gail_9,37.91992,3,0,1
navid_62_gail_9,31.2793,1,0,1
navid_62_gail_9,45.08008,4,0,1
navid_62_gail_9,27.62109,0,2,0
navid_62_gail_9,50.58008,0,2,0
navid_62_gail_9,50.25879,3,0,1
navid_62_gail_9,22.16113,0,3,0
navid_62_gail_9,54.2793,0,2,0
navid_62_gail_9,34.74023,2,0,1
navid_62_gail_9,39.48047,0,4,0
navid_62_gail_9,71.97949,6,0,1
navid_62_gail_9,31.32129,0,7,0
navid_62_gail_9,36.19824,6,0,1
navid_62_gail_9,30.37988,0,1,0
navid_62_gail_9,45.7002,2,0,1
navid_62_gail_9,48.68066,0,5,0
navid_62_gail_9,40.89648,0,4,0
navid_62_gail_9,28.50781,0,2,0
navid_62_gail_9,35.875,0,2,0
navid_62_gail_9,27.33984,5,0,1
navid_62_gail_9,36.50195,0,4,0
navid_62_gail_9,48.31836,1,0,1
navid_62_gail_9,28.08203,0,3,0
navid_62_gail_9,37.47754,2,0,1
navid_62_gail_9,37.8418,0,2,0
navid_62_gail_9,25.24023,0,5,0
navid_62_gail_9,29.51953,0,5,0
navid_62_gail_9,34.59863,4,0,1
navid_62_gail_9,27.44043,3,0,1
navid_62_gail_9,25.12012,4,0,1
navid_62_gail_9,35.19922,2,0,1
navid_62_gail_9,25.52051,6,0,1
navid_62_gail_9,30.54004,1,0,1
navid_2  il8,21.88,6,0,1
navid_2  il8,37.98,2,0,1
navid_2  il8,44.84,2,0,1
navid_2  il8,37.06,2,0,1
navid_2  il8,29.38115,0,2,0
navid_2  il8,25.53885,6,0,1
navid_2  il8,17.7,7,0,1
navid_2  il8,46.06001,1,0,1
navid_2  il8,48.98126,0,2,0
navid_2  il8,40.92001,0,3,0
navid_2  il8,32.27872,3,0,1
navid_2  il8,54.16,1,0,1
navid_2  il8,35.34033,0,1,0
navid_2  il8,46.70047,0,2,0
navid_2  il8,45.60004,0,5,0
navid_2  il8,28.99915,2,0,1
navid_2  il8,37.17999,5,0,1
navid_2  il8,37.62097,0,5,0
navid_2  il8,30.59906,5,0,1
navid_2  il8,36.20135,0,2,0
navid_2  il8,48.01892,0,1,0
navid_2  il8,39.83972,0,1,0
navid_2  il8,50.54065,0,3,0
navid_2  il8,32.98615,0,3,0
navid_2  il8,46.21503,0,3,0
navid_2  il8,36.25995,0,1,0
navid_2  il8,36.81818,1,0,1
navid_2  il8,27.20154,0,3,0
navid_2  il8,35.77844,3,0,1
navid_2  il8,57.96008,2,0,1
navid_2  il8,31.86108,0,2,0
navid_2  il8,32.93884,2,0,1
navid_2  il8,43.98145,0,5,0
navid_2  il8,20.79858,6,0,1
navid_2  il8,38.62,2,0,1
navid_2  il8,41.1405,0,2,0
navid_2  il8,36.56067,0,5,0
navid_2  il8,42.29883,4,0,1
navid_2  il8,32.52148,0,3,0
navid_2  il8,25.71851,6,0,1
navid_2  il8,24.88,4,0,1
navid_2  il8,39.42163,0,5,0
navid_2  il8,36.63928,0,3,0
navid_2  il8,39.96021,0,6,0
navid_2  il8,42.01965,0,2,0
navid_2  il8,32.56067,0,2,0
navid_2  il8,30.59851,3,0,1
navid_2  il8,42.50061,0,4,0
navid_2  il8,37.19946,1,0,1
navid_2  il8,63.28015,0,3,0
navid_2  il8,39.88074,0,1,0
navid_2  il8,35.37903,2,0,1
navid_2  il8,45.68005,1,0,1
navid_2  il8,34.40149,0,1,0
navid_2  il8,46.23926,0,3,0
navid_2  il8,48.99927,1,0,1
navid_2  il8,31.32007,4,0,1
navid_2  il8,57.72095,0,8,0
navid_2  il8,22.03906,6,0,1
navid_2  il8,32.13989,1,0,1
navid_2  il8,33.34009,3,0,1
navid_2  ppo8,32.61987,0,0,0
navid_2  ppo8,39.1416,0,5,0
navid_2  ppo8,41.32251,0,3,0
navid_2  ppo8,51.19629,0,5,0
navid_2  ppo8,33.74072,0,1,0
navid_2  ppo8,41.79883,2,0,1
navid_2  ppo8,27.92017,4,0,1
navid_2  ppo8,34.46045,0,10,0
navid_2  ppo8,32.45947,1,0,1
navid_2  ppo8,41.26001,6,0,1
navid_2  ppo8,54.96045,0,3,0
navid_2  ppo8,51.03955,1,0,1
navid_2  ppo8,64.56152,0,4,0
navid_2  ppo8,18.75854,4,0,1
navid_2  ppo8,33.52026,0,4,0
navid_2  ppo8,42.09985,0,6,0
navid_2  ppo8,38.34131,0,4,0
navid_2  ppo8,48.43872,0,2,0
navid_2  ppo8,41.9397,2,0,1
navid_2  ppo8,31.78198,0,6,0
navid_2  ppo8,43.26074,0,5,0
navid_2  ppo8,48.25903,0,4,0
navid_2  ppo8,29.30225,0,9,0
navid_2  ppo8,49.9563,0,1,0
navid_2  ppo8,33.96533,0,2,0
navid_2  ppo8,40.05444,2,0,1
navid_2  ppo8,59.14185,0,1,0
navid_2  ppo8,41.87891,0,2,0
navid_2  ppo8,38.16089,0,2,0
navid_2  ppo8,61.77905,0,3,0
navid_2  ppo8,45.22144,0,4,0
navid_2  ppo8,14.83789,3,0,1
navid_2  ppo8,39.60156,0,1,0
navid_2  ppo8,50.66016,0,9,0
navid_2  ppo8,34.9187,0,2,0
navid_2  ppo8,33.17944,2,0,1
navid_2  ppo8,44.74756,0,4,0
navid_2  ppo8,25.51733,0,2,0
navid_2  ppo8,26.15527,3,0,1
navid_2  ppo8,45.57983,1,0,1
navid_2  ppo8,78.58032,0,3,0
navid_2  ppo8,28.03979,3,0,1
navid_2  ppo8,24.97998,4,0,1
navid_2  ppo8,30.5415,0,6,0
navid_2  ppo8,51.89844,3,0,1
navid_2  ppo8,51.44141,0,8,0
navid_2  ppo8,41.21924,0,3,0
navid_2  ppo8,40.31934,0,5,0
navid_2  ppo8,39.02148,0,7,0
navid_2  ppo8,23.79834,1,0,1
navid_2  ppo8,53.54004,3,0,1
navid_2  ppo8,30.47998,4,0,1
navid_2  ppo8,27.72168,0,1,0
navid_2  ppo8,39.78027,0,1,0
navid_2  ppo8,40.65918,0,6,0
navid_2  ppo8,25.7998,0,5,0
navid_2  ppo8,45.15967,0,8,0
navid_2  ppo8,42.99951,1,0,1
navid_2  ppo8,33.58105,0,3,0
navid_2  ppo8,40.32031,0,4,0
navid_2  ppo8,41.30029,0,5,0
navid_6  il8,9.12,5,0,1
navid_6  il8,24.74,3,0,1
navid_6  il8,41.3216,0,7,0
navid_6  il8,55.68273,0,9,0
navid_6  il8,24.75566,3,0,1
navid_6  il8,32.94981,0,4,0
navid_6  il8,27.59018,3,0,1
navid_6  il8,32.52068,0,9,0
navid_6  il8,56.57065,0,5,0
navid_6  il8,37.55035,0,7,0
navid_6  il8,25.19833,6,0,1
navid_6  il8,35.92023,0,4,0
navid_6  il8,46.02289,0,1,0
navid_6  il8,36.83813,0,4,0
navid_6  il8,39.62079,0,3,0
navid_6  il8,54.93982,0,2,0
navid_6  il8,66.11853,0,2,0
navid_6  il8,62.04041,0,4,0
navid_6  il8,39.69922,6,0,1
navid_6  il8,19.83997,4,0,1
navid_6  il8,14.90002,7,0,1
navid_6  il8,18.13995,6,0,1
navid_6  il8,25.92004,2,0,1
navid_6  il8,37.34082,0,1,0
navid_6  il8,20.31915,6,0,1
navid_6  il8,19.20001,7,0,1
navid_6  il8,35.62128,0,3,0
navid_6  il8,57.70001,0,2,0
navid_6  il8,25.33978,0,3,0
navid_6  il8,28.57892,3,0,1
navid_6  il8,45.5614,0,6,0
navid_6  il8,31.66431,0,4,0
navid_6  il8,37.47424,3,0,1
navid_6  il8,48.22131,0,1,0
navid_6  il8,16.45874,5,0,1
navid_6  il8,38.76001,5,0,1
navid_6  il8,15.59998,5,0,1
navid_6  il8,30.09998,2,0,1
navid_6  il8,33.35999,3,0,1
navid_6  il8,15.42004,5,0,1
navid_6  il8,19.88,4,0,1
navid_6  il8,24.36096,0,2,0
navid_6  il8,33.20032,0,2,0
navid_6  il8,44.50061,0,9,0
navid_6  il8,22.85815,4,0,1
navid_6  il8,34.66016,0,7,0
navid_6  il8,26.45984,2,0,1
navid_6  il8,55.44128,0,3,0
navid_6  il8,22.39954,0,3,0
navid_6  il8,64.52014,0,2,0
navid_6  il8,37.57935,0,5,0
navid_6  il8,38.94104,0,6,0
navid_6  il8,28.75854,4,0,1
navid_6  il8,65.42212,0,9,0
navid_6  il8,31.67944,0,2,0
navid_6  il8,23.75854,3,0,1
navid_6  il8,17.31995,3,0,1
navid_6  il8,50.48181,0,3,0
navid_6  il8,72.07947,0,3,0
navid_6  il8,20.47876,4,0,1
navid_6  il8,65.34155,0,2,0
navid_6  ppo8,35.54272,0,0,0
navid_6  ppo8,42.31592,0,1,0
navid_6  ppo8,31.80127,0,5,0
navid_6  ppo8,14.3584,5,0,1
navid_6  ppo8,33.80127,0,2,0
navid_6  ppo8,23.99878,7,0,1
navid_6  ppo8,22.88013,3,0,1
navid_6  ppo8,25.78003,1,0,1
navid_6  ppo8,43.76074,0,3,0
navid_6  ppo8,35.6792,0,4,0
navid_6  ppo8,22.15991,4,0,1
navid_6  ppo8,24.88013,1,0,1
navid_6  ppo8,37.6853,0,1,0
navid_6  ppo8,26.67456,5,0,1
navid_6  ppo8,39.64111,0,5,0
navid_6  ppo8,17.81885,6,0,1
navid_6  ppo8,17.80005,4,0,1
navid_6  ppo8,23.69995,2,0,1
navid_6  ppo8,20.28003,4,0,1
navid_6  ppo8,22.43994,3,0,1
navid_6  ppo8,33.88013,3,0,1
navid_6  ppo8,18.3999,6,0,1
navid_6  ppo8,32.23999,3,0,1
navid_6  ppo8,32.32153,0,2,0
navid_6  ppo8,19.73853,9,0,1
navid_6  ppo8,20.86011,3,0,1
navid_6  ppo8,22.91992,1,0,1
navid_6  ppo8,30.35986,3,0,1
navid_6  ppo8,24.5,6,0,1
navid_6  ppo8,30.96021,2,0,1
navid_6  ppo8,25.43994,4,0,1
navid_6  ppo8,25.96069,0,3,0
navid_6  ppo8,35.32129,0,6,0
navid_6  ppo8,16.86,3,0,1
navid_6  ppo8,23.67103,0,3,0
navid_6  ppo8,8.121482,0,8,0
navid_6  ppo8,25.52,3,0,1
navid_6  ppo8,34.52094,0,5,0
navid_6  ppo8,28.28313,0,1,0
navid_6  ppo8,27.35625,0,3,0
navid_6  ppo8,32.1805,0,3,0
navid_6  ppo8,24.55917,4,0,1
navid_6  ppo8,29.86,6,0,1
navid_6  ppo8,22,2,0,1
navid_6  ppo8,22.76158,0,4,0
navid_6  ppo8,27.80119,0,2,0
navid_6  ppo8,29.67786,0,2,0
navid_6  ppo8,32.65936,4,0,1
navid_6  ppo8,30.20093,0,3,0
navid_6  ppo8,61.76917,0,2,0
navid_6  ppo8,22.90991,3,0,1
navid_6  ppo8,35.32047,0,2,0
navid_6  ppo8,35.26065,0,6,0
navid_6  ppo8,33.52087,0,5,0
navid_6  ppo8,33.19952,0,4,0
navid_6  ppo8,36.92017,0,2,0
navid_6  ppo8,44.47882,0,3,0
navid_6  ppo8,41.78058,0,4,0
navid_6  ppo8,27.83893,2,0,1
navid_6  ppo8,36.13995,1,0,1
navid_6  ppo8,39.64001,1,0,1
navid_6  ppo8,45.82001,1,0,1
navid_6_2  il8,34.91998,1,0,1
navid_6_2  il8,41.98047,0,3,0
navid_6_2  il8,48.46082,0,1,0
navid_6_2  il8,23.93872,6,0,1
navid_6_2  il8,21.56,3,0,1
navid_6_2  il8,32.38159,0,9,0
navid_6_2  il8,22.37842,4,0,1
navid_6_2  il8,19.06006,3,0,1
navid_6_2  il8,24.77991,3,0,1
navid_6_2  il8,43.42065,0,1,0
navid_6_2  il8,34.71936,2,0,1
navid_6_2  il8,44.30066,0,4,0
navid_6_2  il8,26.7594,6,0,1
navid_6_2  il8,38.34045,0,8,0
navid_6_2  il8,26.11951,5,0,1
navid_6_2  il8,14.83997,5,0,1
navid_6_2  il8,25.50134,0,1,0
navid_6_2  il8,37.82214,0,1,0
navid_6_2  il8,20.99658,5,0,1
navid_6_2  il8,23.03992,4,0,1
navid_6_2  il8,31.94006,4,0,1
navid_6_2  il8,33.74109,0,1,0
navid_6_2  il8,21.79883,3,0,1
navid_6_2  il8,24.36011,2,0,1
navid_6_2  il8,19.97998,7,0,1
navid_6_2  il8,41.92212,0,3,0
navid_6_2  il8,18.25781,5,0,1
navid_6_2  il8,17.97998,6,0,1
navid_6_2  il8,34.26025,0,4,0
navid_6_2  il8,40.68054,0,3,0
navid_6_2  il8,31.93921,1,0,1
navid_6_2  il8,35.80029,0,5,0
navid_6_2  il8,32.86121,0,3,0
navid_6_2  il8,34.11865,0,1,0
navid_6_2  il8,44.90063,0,4,0
navid_6_2  il8,22.89929,3,0,1
navid_6_2  il8,23.55994,5,0,1
navid_6_2  il8,26.06006,4,0,1
navid_6_2  il8,23.08618,0,3,0
navid_6_2  il8,13.49377,6,0,1
navid_6_2  il8,32.26099,0,4,0
navid_6_2  il8,49.39917,0,2,0
navid_6_2  il8,18.69995,5,0,1
navid_6_2  il8,26.56079,0,3,0
navid_6_2  il8,34.2207,0,3,0
navid_6_2  il8,26.79834,4,0,1
navid_6_2  il8,23.76001,3,0,1
navid_6_2  il8,32.94482,0,5,0
navid_6_2  il8,36.85522,2,0,1
navid_6_2  il8,18.93994,5,0,1
navid_6_2  il8,15.06006,6,0,1
navid_6_2  il8,30.40015,0,3,0
navid_6_2  il8,22.61987,2,0,1
navid_6_2  il8,27.04004,0,4,0
navid_6_2  il8,36.52051,0,2,0
navid_6_2  il8,40.4209,0,1,0
navid_6_2  il8,49.85864,5,0,1
navid_6_2  il8,26.85986,1,0,1
navid_6_2  il8,27.36035,0,8,0
navid_6_2  il8,24.27979,1,0,1
navid_6_2  il8,20.73999,4,0,1
navid_6_2  ppo8,26.21997,2,0,1
navid_6_2  ppo8,52.52002,0,3,0
navid_6_2  ppo8,22.61987,4,0,1
navid_6_2  ppo8,29.50488,0,3,0
navid_6_2  ppo8,28.85522,2,0,1
navid_6_2  ppo8,47.73999,1,0,1
navid_6_2  ppo8,47.02002,2,0,1
navid_6_2  ppo8,26.61987,3,0,1
navid_6_2  ppo8,31.05225,0,7,0
navid_6_2  ppo8,48.86475,0,4,0
navid_6_2  ppo8,38.72339,0,3,0
navid_6_2  ppo8,37.46313,0,3,0
navid_6_2  ppo8,38.63696,0,5,0
navid_6_2  ppo8,30.65967,2,0,1
navid_6_2  ppo8,29.38208,0,3,0
navid_6_2  ppo8,21.87793,2,0,1
navid_6_2  ppo8,25.68506,0,1,0
navid_6_2  ppo8,34.65625,0,4,0
navid_6_2  ppo8,24.17847,4,0,1
navid_6_2  ppo8,34.28003,2,0,1
navid_6_2  ppo8,46.32202,0,4,0
navid_6_2  ppo8,65.57813,2,0,1
navid_6_2  ppo8,22.21997,2,0,1
navid_6_2  ppo8,42.06006,3,0,1
navid_6_2  ppo8,32.32104,0,1,0
navid_6_2  ppo8,34.65918,0,1,0
navid_6_2  ppo8,49.79956,3,0,1
navid_6_2  ppo8,35.68018,5,0,1
navid_6_2  ppo8,36.44019,0,5,0
navid_6_2  ppo8,25.87964,2,0,1
navid_6_2  ppo8,25.10449,0,4,0
navid_6_2  ppo8,45.87549,3,0,1
navid_6_2  ppo8,36.6001,2,0,1
navid_6_2  ppo8,35.38013,1,0,1
navid_6_2  ppo8,40.37988,3,0,1
navid_6_2  ppo8,39.96094,0,2,0
navid_6_2  ppo8,34.78027,0,3,0
navid_6_2  ppo8,36.38037,0,2,0
navid_6_2  ppo8,49.39844,4,0,1
navid_6_2  ppo8,31.90186,0,1,0
navid_6_2  ppo8,36.43848,0,2,0
navid_6_2  ppo8,45.80176,0,4,0
navid_6_2  ppo8,33.65771,1,0,1
navid_6_2  ppo8,36.5,3,0,1
navid_6_2  ppo8,38.021,0,2,0
navid_6_2  ppo8,32.19922,3,0,1
navid_6_2  ppo8,31.44141,0,4,0
navid_6_2  ppo8,42.83984,0,4,0
navid_6_2  ppo8,37.72559,0,4,0
navid_6_2  ppo8,34.49316,0,4,0
navid_6_2  ppo8,54.56006,3,0,1
navid_6_2  ppo8,27.92041,0,2,0
navid_6_2  ppo8,37.36084,0,2,0
navid_6_2  ppo8,21.21875,4,0,1
navid_6_2  ppo8,18.75977,5,0,1
navid_6_2  ppo8,38.88037,1,0,1
navid_6_2  ppo8,71.16113,0,3,0
navid_6_2  ppo8,69.3584,1,0,1
navid_6_2  ppo8,34.88037,1,0,1
navid_6_2  ppo8,16.61963,5,0,1
navid_6_2  ppo8,25.47998,5,0,1
navid_9  il8,29.66113,0,4,0
navid_9  il8,23.75928,1,0,1
navid_9  il8,49.10059,0,5,0
navid_9  il8,49.33936,0,2,0
navid_9  il8,33.16113,0,3,0
navid_9  il8,28.19873,2,0,1
navid_9  il8,30.06006,4,0,1
navid_9  il8,28.3208,0,6,0
navid_9  il8,37.45996,0,3,0
navid_9  il8,50.56006,0,3,0
navid_9  il8,44.15918,1,0,1
navid_9  il8,33.90088,0,1,0
navid_9  il8,31.08057,0,5,0
navid_9  il8,39.4585,0,3,0
navid_9  il8,18.93994,7,0,1
navid_9  il8,18.43994,9,0,1
navid_9  il8,34.78125,0,2,0
navid_9  il8,28.41895,5,0,1
navid_9  il8,42.18066,0,6,0
navid_9  il8,20.5791,5,0,1
navid_9  il8,25.88232,0,2,0
navid_9  il8,35.35791,6,0,1
navid_9  il8,23.69971,7,0,1
navid_9  il8,42.94043,3,0,1
navid_9  il8,49.24023,0,2,0
navid_9  il8,40.32129,0,2,0
navid_9  il8,20.59814,7,0,1
navid_9  il8,31.18018,6,0,1
navid_9  il8,28.41992,3,0,1
navid_9  il8,39.85986,3,0,1
navid_9  il8,18.36035,6,0,1
navid_9  il8,35.61963,1,0,1
navid_9  il8,30.04004,1,0,1
navid_9  il8,43.10107,0,5,0
navid_9  il8,22.19922,5,0,1
navid_9  il8,16.06006,7,0,1
navid_9  il8,36.68115,0,3,0
navid_9  il8,38.35986,0,1,0
navid_9  il8,36.19873,3,0,1
navid_9  il8,44.18359,0,1,0
navid_9  il8,44.71631,1,0,1
navid_9  il8,43.18066,0,7,0
navid_9  il8,19.71924,6,0,1
navid_9  il8,45.24072,0,4,0
navid_9  il8,38.9209,0,3,0
navid_9  il8,18.39844,7,0,1
navid_9  il8,21.40039,6,0,1
navid_9  il8,52.60107,0,1,0
navid_9  il8,36.19873,3,0,1
navid_9  il8,36.18164,0,6,0
navid_9  il8,48.09863,0,2,0
navid_9  il8,29.11963,1,0,1
navid_9  il8,41.3623,0,5,0
navid_9  il8,43.56055,0,4,0
navid_9  il8,21.27734,5,0,1
navid_9  il8,23.63965,6,0,1
navid_9  il8,41.00146,0,4,0
navid_9  il8,20.65869,5,0,1
navid_9  il8,56.78027,1,0,1
navid_9  il8,31.53955,6,0,1
navid_9  il8,31.44043,5,0,1
navid_9  ppo8,35.09961,1,0,1
navid_9  ppo8,31.68018,0,1,0
navid_9  ppo8,27.33984,2,0,1
navid_9  ppo8,19.42041,2,0,1
navid_9  ppo8,24.14063,0,2,0
navid_9  ppo8,18.41895,5,0,1
navid_9  ppo8,23.30029,5,0,1
navid_9  ppo8,25.21973,6,0,1
navid_9  ppo8,24.5,7,0,1
navid_9  ppo8,16.2002,8,0,1
navid_9  ppo8,44.2998,1,0,1
navid_9  ppo8,24.64014,7,0,1
navid_9  ppo8,25.56006,2,0,1
navid_9  ppo8,25.00439,0,3,0
navid_9  ppo8,20.47559,4,0,1
navid_9  ppo8,31.91992,1,0,1
navid_9  ppo8,29.46094,0,1,0
navid_9  ppo8,23.79932,7,0,1
navid_9  ppo8,23.43408,0,1,0
navid_9  ppo8,16.90576,7,0,1
navid_9  ppo8,17.5,6,0,1
navid_9  ppo8,45.54004,2,0,1
navid_9  ppo8,48.12012,1,0,1
navid_9  ppo8,17.75977,5,0,1
navid_9  ppo8,30.62061,0,1,0
navid_9  ppo8,17.25928,3,0,1
navid_9  ppo8,21.22021,5,0,1
navid_9  ppo8,26.64014,1,0,1
navid_9  ppo8,21.69971,4,0,1
navid_9  ppo8,16.22021,5,0,1
navid_9  ppo8,25.23975,1,0,1
navid_9  ppo8,13.41992,8,0,1
navid_9  ppo8,27.38037,5,0,1
navid_9  ppo8,17.21973,5,0,1
navid_9  ppo8,31.04004,5,0,1
navid_9  ppo8,30.33984,4,0,1
navid_9  ppo8,26.94043,4,0,1
navid_9  ppo8,29.95996,1,0,1
navid_9  ppo8,11.77979,9,0,1
navid_9  ppo8,29.68018,5,0,1
navid_9  ppo8,24.21973,4,0,1
navid_9  ppo8,28.62012,8,0,1
navid_9  ppo8,45.74023,0,7,0
navid_9  ppo8,17.75977,5,0,1
navid_9  ppo8,25.48047,0,4,0
navid_9  ppo8,20.33936,2,0,1
navid_9  ppo8,19.26025,7,0,1
navid_9  ppo8,31.07959,5,0,1
navid_9  ppo8,42.62207,0,2,0
navid_9  ppo8,27.25781,3,0,1
navid_9  ppo8,24.64063,5,0,1
navid_9  ppo8,25.08008,4,0,1
navid_9  ppo8,20.43945,4,0,1
navid_9  ppo8,21.64063,4,0,1
navid_9  ppo8,19.05957,5,0,1
navid_9  ppo8,26.66016,3,0,1
navid_9  ppo8,18.82031,7,0,1
navid_9  ppo8,35.4209,0,4,0
navid_9  ppo8,25.99902,4,0,1
navid_9  ppo8,17.81934,6,0,1
navid_9  ppo8,31.90527,0,5,0
record-7-win  il8,30.73535,3,0,1
record-7-win  il8,17.43945,7,0,1
record-7-win  il8,24.98047,3,0,1
record-7-win  il8,27.38086,0,4,0
record-7-win  il8,35.49902,1,0,1
record-7-win  il8,19.67969,4,0,1
record-7-win  il8,21.2207,5,0,1
record-7-win  il8,28.48047,0,1,0
record-7-win  il8,40.93945,1,0,1
record-7-win  il8,28.71973,1,0,1
record-7-win  il8,31.87988,3,0,1
record-7-win  il8,32.86035,1,0,1
record-7-win  il8,16.73926,5,0,1
record-7-win  il8,40.58105,0,1,0
record-7-win  il8,38.24023,0,1,0
record-7-win  il8,23.37988,0,2,0
record-7-win  il8,31.52051,0,3,0
record-7-win  il8,20.47852,3,0,1
record-7-win  il8,35.4209,0,2,0
record-7-win  il8,30.51953,0,1,0
record-7-win  il8,25.35938,5,0,1
record-7-win  il8,25.82031,6,0,1
record-7-win  il8,23.28027,4,0,1
record-7-win  il8,39.71973,0,3,0
record-7-win  il8,21.06055,6,0,1
record-7-win  il8,24.2793,6,0,1
record-7-win  il8,13.10059,6,0,1
record-7-win  il8,23.98047,0,1,0
record-7-win  il8,24.87891,3,0,1
record-7-win  il8,24.45996,5,0,1
record-7-win  il8,23.08008,3,0,1
record-7-win  il8,43.58008,2,0,1
record-7-win  il8,33.04004,2,0,1
record-7-win  il8,18.67969,3,0,1
record-7-win  il8,22.46094,4,0,1
record-7-win  il8,28.82031,0,3,0
record-7-win  il8,25.62109,0,5,0
record-7-win  il8,24.25781,6,0,1
record-7-win  il8,24.7002,4,0,1
record-7-win  il8,30.00098,0,5,0
record-7-win  il8,18.41895,5,0,1
record-7-win  il8,19.5,3,0,1
record-7-win  il8,25.2002,5,0,1
record-7-win  il8,26.40039,0,6,0
record-7-win  il8,43.62012,0,5,0
record-7-win  il8,27.2793,1,0,1
record-7-win  il8,21.02051,3,0,1
record-7-win  il8,21.97949,3,0,1
record-7-win  il8,23.86035,3,0,1
record-7-win  il8,17.28027,3,0,1
record-7-win  il8,25.21973,2,0,1
record-7-win  il8,23.39941,3,0,1
record-7-win  il8,37.00098,0,4,0
record-7-win  il8,28.62207,0,3,0
record-7-win  il8,42.29688,1,0,1
record-7-win  il8,45.6416,0,3,0
record-7-win  il8,27.19922,0,5,0
record-7-win  il8,46.86133,0,1,0
record-7-win  il8,20.67871,3,0,1
record-7-win  il8,44.69922,1,0,1
record-7-win  il8,20.41992,3,0,1
record-7-win  ppo8,28.2207,2,0,1
record-7-win  ppo8,61.7998,1,0,1
record-7-win  ppo8,35.37988,3,0,1
record-7-win  ppo8,16.94043,6,0,1
record-7-win  ppo8,38.28125,0,2,0
record-7-win  ppo8,26.09863,3,0,1
record-7-win  ppo8,36.87988,0,8,0
record-7-win  ppo8,34.16016,0,6,0
record-7-win  ppo8,41.14063,0,3,0
record-7-win  ppo8,15.95898,6,0,1
record-7-win  ppo8,54.8418,0,2,0
record-7-win  ppo8,35.95898,0,1,0
record-7-win  ppo8,53.16016,0,3,0
record-7-win  ppo8,20.39941,6,0,1
record-7-win  ppo8,32.35938,5,0,1
record-7-win  ppo8,31.56055,2,0,1
record-7-win  ppo8,20.37988,5,0,1
record-7-win  ppo8,41.91992,0,3,0
record-7-win  ppo8,37.44238,0,2,0
record-7-win  ppo8,32.55859,0,4,0
record-7-win  ppo8,24.89941,6,0,1
record-7-win  ppo8,22.97949,2,0,1
record-7-win  ppo8,27.2002,2,0,1
record-7-win  ppo8,19.62012,3,0,1
record-7-win  ppo8,27.17969,1,0,1
record-7-win  ppo8,19.40039,5,0,1
record-7-win  ppo8,34.91992,1,0,1
record-7-win  ppo8,57.82031,0,3,0
record-7-win  ppo8,38.12012,0,2,0
record-7-win  ppo8,42.62402,0,3,0
record-7-win  ppo8,49.21582,2,0,1
record-7-win  ppo8,19.31934,6,0,1
record-7-win  ppo8,39.72168,0,1,0
record-7-win  ppo8,27.37891,4,0,1
record-7-win  ppo8,31.87988,0,5,0
record-7-win  ppo8,37.20117,0,1,0
record-7-win  ppo8,24.51855,4,0,1
record-7-win  ppo8,35.16211,0,5,0
record-7-win  ppo8,38.27832,0,4,0
record-7-win  ppo8,28.89941,4,0,1
record-7-win  ppo8,31.2002,3,0,1
record-7-win  ppo8,35.80273,0,1,0
record-7-win  ppo8,18.83691,8,0,1
record-7-win  ppo8,25.02051,2,0,1
record-7-win  ppo8,38.48145,0,2,0
record-7-win  ppo8,36.14063,0,4,0
record-7-win  ppo8,30.93945,0,2,0
record-7-win  ppo8,49.05859,0,3,0
record-7-win  ppo8,34.95996,0,3,0
record-7-win  ppo8,39.62012,0,4,0
record-7-win  ppo8,24.39941,6,0,1
record-7-win  ppo8,35.62012,2,0,1
record-7-win  ppo8,23.62012,5,0,1
record-7-win  ppo8,31.17969,2,0,1
record-7-win  ppo8,24.7627,0,4,0
record-7-win  ppo8,26.55762,5,0,1
record-7-win  ppo8,39.16113,0,3,0
record-7-win  ppo8,45.29883,1,0,1
record-7-win  ppo8,25.28027,4,0,1
record-7-win  ppo8,37.4209,0,1,0
record-7-win  ppo8,40.91895,3,0,1
player,10.12,9,0,1
player,16.70778,10,0,1
player,14.56542,10,0,1
player,22.3668,8,0,1
player,13.29439,9,0,1
player,13.71557,9,0,1
player,20.75291,9,0,1
player,17.25713,7,0,1
player,21.59143,7,0,1
player,14.23982,9,0,1
player,68.02003,0,7,0
navid_2_gail_7,19.16,4,0,1
navid_2_gail_7,23.24,6,0,1
navid_2_gail_7,26,3,0,1
navid_2_gail_7,21.56,3,0,1
navid_2_gail_7,44.74126,0,1,0
navid_2_gail_7,24.81873,6,0,1
navid_2_gail_7,27,3,0,1
navid_2_gail_7,45.52,3,0,1
navid_2_gail_7,25.59999,2,0,1
navid_2_gail_7,29.64001,3,0,1
navid_2_gail_7,35.78195,0,2,0
navid_2_gail_7,24.45804,4,0,1
navid_2_gail_7,25.32001,6,0,1
navid_2_gail_7,30.94,1,0,1
navid_2_gail_7,20.25998,5,0,1
navid_2_gail_7,18.28,4,0,1
navid_2_gail_7,31.14188,0,7,0
navid_2_gail_7,43.01093,0,5,0
navid_2_gail_7,13.18719,8,0,1
navid_2_gail_7,35.14001,1,0,1
navid_2_gail_7,34.59998,3,0,1
navid_2_gail_7,20.80005,2,0,1
navid_2_gail_7,22.77997,7,0,1
navid_2_gail_7,34.14142,0,2,0
navid_2_gail_7,20.13861,4,0,1
navid_2_gail_7,19.45996,4,0,1
navid_2_gail_7,16.90002,8,0,1
navid_2_gail_7,27.41998,2,0,1
navid_2_gail_7,28.78003,4,0,1
navid_2_gail_7,29.1037,0,1,0
navid_2_gail_7,28.11627,1,0,1
navid_2_gail_7,25.64001,5,0,1
navid_2_gail_7,30.88,1,0,1
navid_2_gail_7,46.96045,0,2,0
navid_2_gail_7,19.83954,3,0,1
navid_2_gail_7,17.46002,6,0,1
navid_2_gail_7,18.09998,7,0,1
navid_2_gail_7,17,4,0,1
navid_2_gail_7,31.32001,3,0,1
navid_2_gail_7,32.19995,2,0,1
navid_2_gail_7,18.20007,3,0,1
navid_2_gail_7,21.81995,5,0,1
navid_2_gail_7,17.68005,5,0,1
navid_2_gail_7,24.76001,3,0,1
navid_2_gail_7,28.22046,0,4,0
navid_2_gail_7,17.39954,7,0,1
navid_2_gail_7,30.47998,3,0,1
navid_2_gail_7,43.74231,0,3,0
navid_2_gail_7,27.65918,0,1,0
navid_2_gail_7,51.91846,2,0,1
navid_2_gail_7,12.71997,8,0,1
navid_2_gail_7,33.58191,0,8,0
navid_2_gail_7,42.43811,2,0,1
navid_2_gail_7,29.5603,0,5,0
navid_2_gail_7,25.09973,3,0,1
navid_2_gail_7,24.59998,5,0,1
navid_2_gail_7,35.94006,2,0,1
navid_2_gail_7,22.79993,3,0,1
navid_2_gail_7,28.97998,2,0,1
navid_2_gail_7,25.08008,2,0,1
navid_2_gail_7,21.64001,3,0,1
navid_2_gail_7,18.44,5,0,1
navid_2_gail_7,13.62,7,0,1
navid_2_gail_7,21.7,4,0,1
player,11.63565,8,0,1
player,31.87241,2,0,1
player,95.11292,0,5,0
player,36.43892,4,0,1
